format,numChunks,framesPerChunk,service,serialization_ms,deserialization_ms,total_ms,message_size_bytes,ram_bytes,timestamp
JSON,100,100,AudioService,0,113,116,4843094,16937304,1772833371146
JSON,100,100,VideoService,19,46,69,4843094,39348848,1772833371146
JSON,100,100,MetadataService,17,39,61,4843094,24873880,1772833371146
JSON,100,100,AudioService,0,34,39,4843094,76324840,1772833371146
JSON,100,100,VideoService,19,35,58,4843094,26655600,1772833371146
JSON,100,100,MetadataService,15,35,52,4843094,52647744,1772833371146
JSON,100,100,AudioService,0,37,38,4843094,4843094,1772833371146
JSON,100,100,VideoService,16,37,56,4843094,60029664,1772833371146
JSON,100,100,MetadataService,17,34,52,4843094,39236088,1772833371146
JSON,100,100,AudioService,0,34,35,4843094,4843094,1772833371146
JSON,100,100,VideoService,14,35,51,4843094,46266528,1772833371147
JSON,100,100,MetadataService,14,35,50,4843094,60260512,1772833371147
JSON,100,100,AudioService,0,33,35,4843094,76348544,1772833371147
JSON,100,100,VideoService,17,33,51,4843094,30897048,1772833371147
JSON,100,100,MetadataService,14,38,52,4843094,45168080,1772833371147
JSON,100,100,AudioService,0,36,36,4843094,4843094,1772833371147
JSON,100,100,VideoService,14,35,50,4843094,59918520,1772833371147
JSON,100,100,MetadataService,13,35,50,4843094,45669488,1772833371147
JSON,100,100,AudioService,0,36,36,4843094,4843094,1772833371147
JSON,100,100,VideoService,14,36,51,4843094,52559808,1772833371147
JSON,100,100,MetadataService,14,35,50,4843094,60080512,1772833371147
JSON,100,100,AudioService,0,33,35,4843094,76360272,1772833371147
JSON,100,100,VideoService,17,33,51,4843094,30873592,1772833371147
JSON,100,100,MetadataService,14,36,50,4843094,45144848,1772833371147
JSON,100,100,AudioService,0,36,36,4843094,4843094,1772833371147
JSON,100,100,VideoService,14,35,50,4843094,59915576,1772833371147
JSON,100,100,MetadataService,13,36,50,4843094,45670592,1772833371147
JSON,100,100,AudioService,0,36,36,4843094,4843094,1772833371147
JSON,100,100,VideoService,14,35,50,4843094,52678736,1772833371147
JSON,100,100,MetadataService,14,35,50,4843094,60080656,1772833371147
JSON,100,200,AudioService,0,73,74,9693758,9693758,1772833374529
JSON,100,200,VideoService,32,70,104,9693758,49922160,1772833374529
JSON,100,200,MetadataService,31,70,104,9693758,148780632,1772833374529
JSON,100,200,AudioService,0,76,77,9693758,9693758,1772833374529
JSON,100,200,VideoService,32,72,105,9693758,49464880,1772833374529
JSON,100,200,MetadataService,30,72,105,9693758,148933360,1772833374529
JSON,100,200,AudioService,0,71,72,9693758,9693758,1772833374529
JSON,100,200,VideoService,31,70,103,9693758,49414328,1772833374529
JSON,100,200,MetadataService,29,70,102,9693758,148224584,1772833374529
JSON,100,200,AudioService,0,70,71,9693758,9693758,1772833374529
JSON,100,200,VideoService,32,70,104,9693758,49390640,1772833374529
JSON,100,200,MetadataService,30,71,103,9693758,148933752,1772833374529
JSON,100,200,AudioService,0,70,72,9693758,9693758,1772833374530
JSON,100,200,VideoService,31,70,103,9693758,48850968,1772833374530
JSON,100,200,MetadataService,30,70,102,9693758,149316952,1772833374530
JSON,100,200,AudioService,0,71,72,9693758,9693758,1772833374530
JSON,100,200,VideoService,34,71,107,9693758,49478000,1772833374530
JSON,100,200,MetadataService,30,70,102,9693758,148933272,1772833374530
JSON,100,200,AudioService,0,74,75,9693758,9693758,1772833374530
JSON,100,200,VideoService,31,70,104,9693758,48871776,1772833374530
JSON,100,200,MetadataService,31,70,103,9693758,148574168,1772833374530
JSON,100,200,AudioService,0,72,73,9693758,9693758,1772833374530
JSON,100,200,VideoService,32,71,104,9693758,48821760,1772833374530
JSON,100,200,MetadataService,30,71,103,9693758,148549728,1772833374530
JSON,100,200,AudioService,0,71,72,9693758,9693758,1772833374530
JSON,100,200,VideoService,32,70,103,9693758,48716080,1772833374530
JSON,100,200,MetadataService,30,70,103,9693758,148244520,1772833374530
JSON,100,200,AudioService,0,70,71,9693758,9693758,1772833374530
JSON,100,200,VideoService,31,70,103,9693758,48874208,1772833374530
JSON,100,200,MetadataService,30,70,103,9693758,148574768,1772833374530
JSON,100,500,AudioService,0,178,181,24245859,144732704,1772833382556
JSON,100,500,VideoService,73,180,257,24245859,229692968,1772833382556
JSON,100,500,MetadataService,71,182,256,24245859,215159944,1772833382556
JSON,100,500,AudioService,0,186,188,24245859,27668664,1772833382556
JSON,100,500,VideoService,71,182,257,24245859,222047352,1772833382556
JSON,100,500,MetadataService,77,173,257,24245859,382868496,1772833382556
JSON,100,500,AudioService,0,185,189,24245859,24245859,1772833382556
JSON,100,500,VideoService,77,176,257,24245859,185247968,1772833382556
JSON,100,500,MetadataService,73,175,254,24245859,382850280,1772833382556
JSON,100,500,AudioService,0,179,181,24245859,24207392,1772833382556
JSON,100,500,VideoService,77,173,254,24245859,187696448,1772833382557
JSON,100,500,MetadataService,78,174,258,24245859,382882880,1772833382557
JSON,100,500,AudioService,0,177,179,24245859,24245859,1772833382557
JSON,100,500,VideoService,76,182,262,24245859,126703744,1772833382557
JSON,100,500,MetadataService,76,180,260,24245859,101116392,1772833382557
JSON,100,500,AudioService,0,177,180,24245859,24245859,1772833382557
JSON,100,500,VideoService,77,174,255,24245859,199474416,1772833382557
JSON,100,500,MetadataService,74,176,256,24245859,383162760,1772833382557
JSON,100,500,AudioService,0,176,178,24245859,15952128,1772833382557
JSON,100,500,VideoService,74,179,257,24245859,126266448,1772833382557
JSON,100,500,MetadataService,71,181,255,24245859,213524472,1772833382557
JSON,100,500,AudioService,0,173,181,24245859,380276032,1772833382557
JSON,100,500,VideoService,76,174,254,24245859,198211232,1772833382557
JSON,100,500,MetadataService,71,180,255,24245859,243441800,1772833382557
JSON,100,500,AudioService,0,177,180,24245859,24245859,1772833382557
JSON,100,500,VideoService,75,181,259,24245859,118370864,1772833382557
JSON,100,500,MetadataService,71,181,256,24245859,213493712,1772833382557
JSON,100,500,AudioService,0,170,179,24245859,380275456,1772833382557
JSON,100,500,VideoService,72,182,258,24245859,214292048,1772833382557
JSON,100,500,MetadataService,73,180,256,24245859,243816680,1772833382557
JSON,100,1000,AudioService,0,373,382,48499153,37701640,1772833398528
JSON,100,1000,VideoService,153,362,521,48499153,203734912,1772833398528
JSON,100,1000,MetadataService,153,359,519,48499153,199518776,1772833398528
JSON,100,1000,AudioService,0,362,404,48499153,763363328,1772833398528
JSON,100,1000,VideoService,154,365,526,48499153,198968544,1772833398528
JSON,100,1000,MetadataService,150,360,516,48499153,201343800,1772833398528
JSON,100,1000,AudioService,0,345,374,48499153,763363328,1772833398528
JSON,100,1000,VideoService,152,361,520,48499153,201376336,1772833398528
JSON,100,1000,MetadataService,151,359,517,48499153,201844776,1772833398528
JSON,100,1000,AudioService,0,344,361,48499153,763363328,1772833398528
JSON,100,1000,VideoService,152,363,523,48499153,206975984,1772833398528
JSON,100,1000,MetadataService,153,359,518,48499153,202681800,1772833398528
JSON,100,1000,AudioService,0,344,360,48499153,763363328,1772833398528
JSON,100,1000,VideoService,150,358,516,48499153,204167792,1772833398528
JSON,100,1000,MetadataService,152,360,519,48499153,200121392,1772833398528
JSON,100,1000,AudioService,0,343,360,48499153,763363328,1772833398528
JSON,100,1000,VideoService,150,362,519,48499153,199653488,1772833398528
JSON,100,1000,MetadataService,151,361,518,48499153,201718328,1772833398528
JSON,100,1000,AudioService,0,344,360,48499153,763363328,1772833398528
JSON,100,1000,VideoService,154,362,523,48499153,202194104,1772833398528
JSON,100,1000,MetadataService,152,362,520,48499153,201570048,1772833398528
JSON,100,1000,AudioService,0,341,357,48499153,763363328,1772833398528
JSON,100,1000,VideoService,152,361,520,48499153,199540704,1772833398528
JSON,100,1000,MetadataService,152,361,520,48499153,201534736,1772833398528
JSON,100,1000,AudioService,0,342,358,48499153,763363328,1772833398528
JSON,100,1000,VideoService,151,361,519,48499153,198444192,1772833398528
JSON,100,1000,MetadataService,152,361,519,48499153,202799584,1772833398528
JSON,100,1000,AudioService,0,342,358,48499153,763363328,1772833398528
JSON,100,1000,VideoService,152,359,519,48499153,202825704,1772833398528
JSON,100,1000,MetadataService,152,365,523,48499153,201111192,1772833398528
JSON,100,2000,AudioService,0,795,804,97105713,97105713,1772833430657
JSON,100,2000,VideoService,315,720,1052,97105713,1146038064,1772833430657
JSON,100,2000,MetadataService,305,726,1045,97105713,403922752,1772833430657
JSON,100,2000,AudioService,0,722,732,97105713,97105713,1772833430657
JSON,100,2000,VideoService,304,725,1042,97105713,727309232,1772833430657
JSON,100,2000,MetadataService,306,726,1045,97105713,405289960,1772833430657
JSON,100,2000,AudioService,0,733,742,97105713,97105713,1772833430657
JSON,100,2000,VideoService,306,721,1041,97105713,737571496,1772833430657
JSON,100,2000,MetadataService,307,725,1045,97105713,399848976,1772833430658
JSON,100,2000,AudioService,0,730,739,97105713,97105713,1772833430658
JSON,100,2000,VideoService,305,725,1045,97105713,398458880,1772833430658
JSON,100,2000,MetadataService,306,730,1049,97105713,398458880,1772833430658
JSON,100,2000,AudioService,0,784,798,97105713,97105713,1772833430658
JSON,100,2000,VideoService,310,724,1048,97105713,406522112,1772833430658
JSON,100,2000,MetadataService,308,728,1048,97105713,406635728,1772833430658
JSON,100,2000,AudioService,0,734,747,97105713,97105713,1772833430658
JSON,100,2000,VideoService,306,728,1048,97105713,399802584,1772833430658
JSON,100,2000,MetadataService,307,728,1048,97105713,399821208,1772833430658
JSON,100,2000,AudioService,0,737,747,97105713,97105713,1772833430658
JSON,100,2000,VideoService,307,727,1047,97105713,396774032,1772833430658
JSON,100,2000,MetadataService,307,726,1047,97105713,409571648,1772833430658
JSON,100,2000,AudioService,0,737,751,97105713,97105713,1772833430658
JSON,100,2000,VideoService,308,730,1052,97105713,406847488,1772833430658
JSON,100,2000,MetadataService,307,727,1046,97105713,398458880,1772833430658
JSON,100,2000,AudioService,0,735,745,97105713,97105713,1772833430658
JSON,100,2000,VideoService,306,723,1043,97105713,396804872,1772833430658
JSON,100,2000,MetadataService,306,732,1051,97105713,402545384,1772833430658
JSON,100,2000,AudioService,0,737,747,97105713,97105713,1772833430658
JSON,100,2000,VideoService,307,724,1044,97105713,401141536,1772833430658
JSON,100,2000,MetadataService,307,728,1048,97105713,406634432,1772833430658
JSON,100,3000,AudioService,0,1105,1127,145716387,579018960,1772833478857
JSON,100,3000,VideoService,445,1109,1574,145716387,851443712,1772833478858
JSON,100,3000,MetadataService,443,1115,1575,145716387,789883888,1772833478858
JSON,100,3000,AudioService,0,1095,1116,145716387,429662296,1772833478858
JSON,100,3000,VideoService,443,1112,1576,145716387,739618936,1772833478858
JSON,100,3000,MetadataService,443,1124,1584,145716387,764796784,1772833478858
JSON,100,3000,AudioService,0,1077,1098,145716387,389669536,1772833478858
JSON,100,3000,VideoService,447,1113,1581,145716387,737747312,1772833478858
JSON,100,3000,MetadataService,443,1129,1588,145716387,758285056,1772833478858
JSON,100,3000,AudioService,0,1086,1107,145716387,384872640,1772833478858
JSON,100,3000,VideoService,466,1110,1595,145716387,699694880,1772833478858
JSON,100,3000,MetadataService,444,1133,1593,145716387,764787880,1772833478858
JSON,100,3000,AudioService,0,1083,1104,145716387,385875968,1772833478858
JSON,100,3000,VideoService,442,1125,1587,145716387,737739728,1772833478858
JSON,100,3000,MetadataService,446,1143,1606,145716387,759169024,1772833478858
JSON,100,3000,AudioService,0,1075,1096,145716387,384809568,1772833478858
JSON,100,3000,VideoService,465,1108,1592,145716387,706125464,1772833478858
JSON,100,3000,MetadataService,444,1129,1590,145716387,775044736,1772833478858
JSON,100,3000,AudioService,0,1073,1094,145716387,401684096,1772833478858
JSON,100,3000,VideoService,442,1131,1594,145716387,724698720,1772833478858
JSON,100,3000,MetadataService,446,1136,1598,145716387,761045160,1772833478858
JSON,100,3000,AudioService,0,1087,1108,145716387,389654480,1772833478858
JSON,100,3000,VideoService,443,1132,1595,145716387,742391808,1772833478858
JSON,100,3000,MetadataService,444,1129,1589,145716387,764840320,1772833478858
JSON,100,3000,AudioService,0,1087,1108,145716387,381191824,1772833478858
JSON,100,3000,VideoService,442,1140,1602,145716387,731231456,1772833478859
JSON,100,3000,MetadataService,445,1120,1581,145716387,766674080,1772833478859
JSON,100,3000,AudioService,0,1081,1102,145716387,387753000,1772833478859
JSON,100,3000,VideoService,442,1121,1583,145716387,739619608,1772833478859
JSON,100,3000,MetadataService,446,1119,1582,145716387,769432736,1772833478859
JSON,200,100,AudioService,0,70,73,9685858,155189248,1772833482273
JSON,200,100,VideoService,32,68,102,9685858,94282368,1772833482273
JSON,200,100,MetadataService,33,72,107,9685858,56490736,1772833482273
JSON,200,100,AudioService,0,69,71,9685858,154013560,1772833482273
JSON,200,100,VideoService,32,73,107,9685858,55841224,1772833482273
JSON,200,100,MetadataService,32,72,106,9685858,55704800,1772833482273
JSON,200,100,AudioService,0,69,71,9685858,152839136,1772833482273
JSON,200,100,VideoService,32,72,106,9685858,55863048,1772833482273
JSON,200,100,MetadataService,33,72,106,9685858,57139536,1772833482273
JSON,200,100,AudioService,0,70,72,9685858,152839056,1772833482273
JSON,200,100,VideoService,30,74,106,9685858,119849256,1772833482273
JSON,200,100,MetadataService,33,72,107,9685858,50349024,1772833482273
JSON,200,100,AudioService,0,69,71,9685858,154013792,1772833482273
JSON,200,100,VideoService,29,72,103,9685858,119044880,1772833482273
JSON,200,100,MetadataService,32,72,106,9685858,55573392,1772833482273
JSON,200,100,AudioService,0,69,71,9685858,154014072,1772833482273
JSON,200,100,VideoService,29,73,104,9685858,119616096,1772833482273
JSON,200,100,MetadataService,33,73,107,9685858,49381440,1772833482273
JSON,200,100,AudioService,0,69,71,9685858,154013920,1772833482273
JSON,200,100,VideoService,29,72,104,9685858,119028064,1772833482273
JSON,200,100,MetadataService,32,72,107,9685858,56197208,1772833482273
JSON,200,100,AudioService,0,69,71,9685858,154014072,1772833482273
JSON,200,100,VideoService,29,72,103,9685858,119057192,1772833482273
JSON,200,100,MetadataService,32,73,107,9685858,49109312,1772833482273
JSON,200,100,AudioService,0,69,71,9685858,154013920,1772833482273
JSON,200,100,VideoService,29,73,103,9685858,111647744,1772833482273
JSON,200,100,MetadataService,32,72,107,9685858,56139488,1772833482273
JSON,200,100,AudioService,0,69,71,9685858,154014072,1772833482273
JSON,200,100,VideoService,29,73,104,9685858,118666432,1772833482273
JSON,200,100,MetadataService,33,72,106,9685858,49062608,1772833482273
JSON,200,200,AudioService,0,148,150,19387352,19387352,1772833488840
JSON,200,200,VideoService,60,147,210,19387352,228536200,1772833488840
JSON,200,200,MetadataService,58,148,209,19387352,169201144,1772833488840
JSON,200,200,AudioService,0,139,143,19387352,306669896,1772833488840
JSON,200,200,VideoService,59,148,210,19387352,185683128,1772833488840
JSON,200,200,MetadataService,60,148,210,19387352,222694808,1772833488840
JSON,200,200,AudioService,0,148,150,19387352,19387352,1772833488840
JSON,200,200,VideoService,59,148,210,19387352,183360048,1772833488840
JSON,200,200,MetadataService,63,143,210,19387352,155972376,1772833488841
JSON,200,200,AudioService,0,138,142,19387352,307357448,1772833488841
JSON,200,200,VideoService,63,142,209,19387352,156904488,1772833488841
JSON,200,200,MetadataService,63,143,209,19387352,144029504,1772833488841
JSON,200,200,AudioService,0,146,148,19387352,19387352,1772833488841
JSON,200,200,VideoService,63,142,208,19387352,142758416,1772833488841
JSON,200,200,MetadataService,62,143,208,19387352,279903664,1772833488841
JSON,200,200,AudioService,0,141,144,19387352,19387352,1772833488841
JSON,200,200,VideoService,63,143,209,19387352,102472080,1772833488841
JSON,200,200,MetadataService,63,144,211,19387352,281361712,1772833488841
JSON,200,200,AudioService,0,140,143,19387352,19387352,1772833488841
JSON,200,200,VideoService,63,142,209,19387352,143446288,1772833488841
JSON,200,200,MetadataService,62,143,208,19387352,279674552,1772833488841
JSON,200,200,AudioService,0,139,142,19387352,19387352,1772833488841
JSON,200,200,VideoService,63,142,208,19387352,135974104,1772833488841
JSON,200,200,MetadataService,63,143,210,19387352,279611440,1772833488841
JSON,200,200,AudioService,0,139,142,19387352,19387352,1772833488841
JSON,200,200,VideoService,63,143,209,19387352,136141536,1772833488841
JSON,200,200,MetadataService,62,143,208,19387352,279540864,1772833488841
JSON,200,200,AudioService,0,141,144,19387352,19387352,1772833488841
JSON,200,200,VideoService,63,143,209,19387352,135965064,1772833488841
JSON,200,200,MetadataService,63,144,210,19387352,279833552,1772833488841
JSON,200,500,AudioService,0,369,375,48491153,26790848,1772833504909
JSON,200,500,VideoService,155,362,525,48491153,209320608,1772833504909
JSON,200,500,MetadataService,154,365,526,48491153,206012952,1772833504909
JSON,200,500,AudioService,0,363,369,48491153,48491153,1772833504909
JSON,200,500,VideoService,152,363,522,48491153,360829112,1772833504909
JSON,200,500,MetadataService,155,363,525,48491153,197105488,1772833504909
JSON,200,500,AudioService,0,357,364,48491153,125231424,1772833504909
JSON,200,500,VideoService,152,363,522,48491153,360908704,1772833504909
JSON,200,500,MetadataService,154,366,527,48491153,199883984,1772833504909
JSON,200,500,AudioService,0,356,362,48491153,142606336,1772833504909
JSON,200,500,VideoService,151,365,523,48491153,303277728,1772833504909
JSON,200,500,MetadataService,154,364,524,48491153,200221952,1772833504909
JSON,200,500,AudioService,0,358,364,48491153,75903104,1772833504909
JSON,200,500,VideoService,151,362,521,48491153,312245432,1772833504909
JSON,200,500,MetadataService,153,364,524,48491153,198292256,1772833504909
JSON,200,500,AudioService,0,359,365,48491153,76139560,1772833504909
JSON,200,500,VideoService,151,364,522,48491153,311622848,1772833504909
JSON,200,500,MetadataService,154,367,528,48491153,202394432,1772833504909
JSON,200,500,AudioService,0,357,363,48491153,75443136,1772833504909
JSON,200,500,VideoService,151,363,522,48491153,313489776,1772833504909
JSON,200,500,MetadataService,154,364,524,48491153,194813776,1772833504909
JSON,200,500,AudioService,0,357,363,48491153,75454736,1772833504909
JSON,200,500,VideoService,151,364,522,48491153,311622928,1772833504909
JSON,200,500,MetadataService,153,364,523,48491153,195580096,1772833504909
JSON,200,500,AudioService,0,356,363,48491153,75504912,1772833504909
JSON,200,500,VideoService,151,365,523,48491153,310378496,1772833504909
JSON,200,500,MetadataService,154,363,524,48491153,196292080,1772833504909
JSON,200,500,AudioService,0,358,364,48491153,75810080,1772833504909
JSON,200,500,VideoService,151,365,523,48491153,311002032,1772833504909
JSON,200,500,MetadataService,154,364,524,48491153,198338640,1772833504909
JSON,200,1000,AudioService,0,754,763,96997913,33588184,1772833537138
JSON,200,1000,VideoService,316,710,1046,96997913,632059760,1772833537138
JSON,200,1000,MetadataService,295,740,1046,96997913,830472192,1772833537138
JSON,200,1000,AudioService,0,742,753,96997913,96997913,1772833537138
JSON,200,1000,VideoService,306,740,1061,96997913,792820928,1772833537138
JSON,200,1000,MetadataService,311,728,1051,96997913,452420608,1772833537138
JSON,200,1000,AudioService,0,731,740,96997913,96997913,1772833537138
JSON,200,1000,VideoService,310,734,1058,96997913,799453456,1772833537138
JSON,200,1000,MetadataService,311,736,1060,96997913,451114824,1772833537138
JSON,200,1000,AudioService,0,733,743,96997913,96997913,1772833537138
JSON,200,1000,VideoService,306,730,1049,96997913,774001992,1772833537138
JSON,200,1000,MetadataService,310,740,1063,96997913,413690704,1772833537138
JSON,200,1000,AudioService,0,740,749,96997913,96997913,1772833537138
JSON,200,1000,VideoService,305,729,1048,96997913,773791072,1772833537138
JSON,200,1000,MetadataService,309,729,1051,96997913,415015256,1772833537138
JSON,200,1000,AudioService,0,736,745,96997913,96997913,1772833537138
JSON,200,1000,VideoService,306,737,1056,96997913,779793648,1772833537138
JSON,200,1000,MetadataService,310,728,1051,96997913,419430400,1772833537138
JSON,200,1000,AudioService,0,730,740,96997913,96997913,1772833537138
JSON,200,1000,VideoService,307,726,1047,96997913,784647936,1772833537138
JSON,200,1000,MetadataService,309,739,1061,96997913,418986992,1772833537138
JSON,200,1000,AudioService,0,740,749,96997913,96997913,1772833537138
JSON,200,1000,VideoService,306,727,1046,96997913,783598128,1772833537138
JSON,200,1000,MetadataService,310,729,1052,96997913,410695488,1772833537138
JSON,200,1000,AudioService,0,735,744,96997913,96997913,1772833537138
JSON,200,1000,VideoService,309,729,1052,96997913,427819008,1772833537138
JSON,200,1000,MetadataService,310,732,1055,96997913,469079360,1772833537138
JSON,200,1000,AudioService,0,728,740,96997913,96997913,1772833537138
JSON,200,1000,VideoService,309,734,1056,96997913,451024184,1772833537138
JSON,200,1000,MetadataService,310,731,1055,96997913,466506080,1772833537138
JSON,200,2000,AudioService,0,1521,1540,194213964,39629272,1772833602325
JSON,200,2000,VideoService,645,1464,2159,194213964,2535913920,1772833602325
JSON,200,2000,MetadataService,601,1521,2145,194213964,1042647112,1772833602325
JSON,200,2000,AudioService,0,1500,1521,194213964,867576768,1772833602325
JSON,200,2000,VideoService,599,1561,2187,194213964,1724708072,1772833602325
JSON,200,2000,MetadataService,596,1499,2116,194213964,999051664,1772833602325
JSON,200,2000,AudioService,0,1502,1521,194213964,543012816,1772833602325
JSON,200,2000,VideoService,591,1538,2157,194213964,1704967744,1772833602326
JSON,200,2000,MetadataService,595,1500,2117,194213964,1009990304,1772833602326
JSON,200,2000,AudioService,0,1491,1510,194213964,535358600,1772833602326
JSON,200,2000,VideoService,589,1507,2124,194213964,1707081728,1772833602326
JSON,200,2000,MetadataService,595,1502,2118,194213964,994050048,1772833602326
JSON,200,2000,AudioService,0,1497,1517,194213964,574764384,1772833602326
JSON,200,2000,VideoService,590,1499,2116,194213964,1697080432,1772833602326
JSON,200,2000,MetadataService,595,1507,2124,194213964,992372952,1772833602326
JSON,200,2000,AudioService,0,1505,1524,194213964,575861440,1772833602326
JSON,200,2000,VideoService,589,1500,2118,194213964,1697811640,1772833602326
JSON,200,2000,MetadataService,596,1538,2157,194213964,1007473072,1772833602326
JSON,200,2000,AudioService,0,1497,1517,194213964,595462168,1772833602326
JSON,200,2000,VideoService,587,1501,2115,194213964,1704623600,1772833602326
JSON,200,2000,MetadataService,617,1509,2148,194213964,992372944,1772833602326
JSON,200,2000,AudioService,0,1545,1563,194213964,512215416,1772833602326
JSON,200,2000,VideoService,599,1511,2137,194213964,1711103560,1772833602326
JSON,200,2000,MetadataService,596,1518,2136,194213964,992372960,1772833602326
JSON,200,2000,AudioService,0,1490,1510,194213964,568485728,1772833602326
JSON,200,2000,VideoService,600,1510,2138,194213964,1709706256,1772833602326
JSON,200,2000,MetadataService,597,1511,2130,194213964,1007473072,1772833602326
JSON,200,2000,AudioService,0,1521,1540,194213964,591137144,1772833602326
JSON,200,2000,VideoService,594,1501,2122,194213964,1720350800,1772833602326
JSON,200,2000,MetadataService,597,1493,2112,194213964,992372944,1772833602326
JSON,200,3000,AudioService,0,2259,2287,291429684,3108696,1772833702357
JSON,200,3000,VideoService,915,2536,3494,291429684,2143289344,1772833702357
JSON,200,3000,MetadataService,881,2262,3177,291429684,2864081552,1772833702357
JSON,200,3000,AudioService,0,2259,2289,291429684,218103808,1772833702357
JSON,200,3000,VideoService,878,2249,3167,291429684,2663060568,1772833702357
JSON,200,3000,MetadataService,903,2281,3217,291429684,1190381840,1772833702357
JSON,200,3000,AudioService,0,2249,2281,291429684,1399103000,1772833702357
JSON,200,3000,VideoService,907,2266,3213,291429684,1202777528,1772833702358
JSON,200,3000,MetadataService,898,2287,3220,291429684,1857313568,1772833702358
JSON,200,3000,AudioService,0,2899,2926,291429684,291429684,1772833702358
JSON,200,3000,VideoService,898,2381,3320,291429684,1710636136,1772833702358
JSON,200,3000,MetadataService,900,2284,3218,291429684,1728053248,1772833702358
JSON,200,3000,AudioService,0,2272,2304,291429684,1182263240,1772833702358
JSON,200,3000,VideoService,916,2278,3234,291429684,1190346064,1772833702358
JSON,200,3000,MetadataService,903,2291,3228,291429684,1820327936,1772833702358
JSON,200,3000,AudioService,0,2735,2767,291429684,291429684,1772833702358
JSON,200,3000,VideoService,894,2400,3334,291429684,1644167168,1772833702358
JSON,200,3000,MetadataService,902,2284,3219,291429684,1694498816,1772833702358
JSON,200,3000,AudioService,0,2276,2306,291429684,1026266088,1772833702358
JSON,200,3000,VideoService,898,2283,3221,291429684,1651954616,1772833702358
JSON,200,3000,MetadataService,894,2300,3228,291429684,1656750080,1772833702358
JSON,200,3000,AudioService,0,2243,2274,291429684,1034715696,1772833702358
JSON,200,3000,VideoService,900,2252,3192,291429684,1659778016,1772833702358
JSON,200,3000,MetadataService,897,2307,3237,291429684,1669332992,1772833702358
JSON,200,3000,AudioService,0,2241,2272,291429684,1115821304,1772833702358
JSON,200,3000,VideoService,916,2267,3223,291429684,1660944384,1772833702358
JSON,200,3000,MetadataService,911,2283,3228,291429684,1672948936,1772833702358
JSON,200,3000,AudioService,0,2369,2398,291429684,918791376,1772833702358
JSON,200,3000,VideoService,903,2260,3202,291429684,1677721600,1772833702358
JSON,200,3000,MetadataService,897,2257,3188,291429684,1651975992,1772833702358
JSON,500,100,AudioService,0,177,187,24214259,381681664,1772833710606
JSON,500,100,VideoService,77,186,267,24214259,111370848,1772833710606
JSON,500,100,MetadataService,77,182,264,24214259,397113064,1772833710606
JSON,500,100,AudioService,0,176,180,24214259,24214259,1772833710606
JSON,500,100,VideoService,79,187,270,24214259,125153784,1772833710606
JSON,500,100,MetadataService,74,186,263,24214259,214380168,1772833710606
JSON,500,100,AudioService,0,175,179,24214259,383063600,1772833710606
JSON,500,100,VideoService,79,179,262,24214259,198908784,1772833710606
JSON,500,100,MetadataService,76,186,266,24214259,273676160,1772833710606
JSON,500,100,AudioService,0,188,190,24214259,24214259,1772833710606
JSON,500,100,VideoService,75,185,264,24214259,259555968,1772833710606
JSON,500,100,MetadataService,77,186,267,24214259,97862176,1772833710606
JSON,500,100,AudioService,0,179,182,24214259,49760856,1772833710606
JSON,500,100,VideoService,73,185,262,24214259,214110192,1772833710606
JSON,500,100,MetadataService,82,179,265,24214259,102167040,1772833710606
JSON,500,100,AudioService,0,178,182,24214259,11557216,1772833710606
JSON,500,100,VideoService,74,185,262,24214259,244431424,1772833710606
JSON,500,100,MetadataService,77,186,267,24214259,98352640,1772833710606
JSON,500,100,AudioService,0,179,182,24214259,41359872,1772833710606
JSON,500,100,VideoService,77,185,265,24214259,144794424,1772833710606
JSON,500,100,MetadataService,78,186,268,24214259,100529904,1772833710606
JSON,500,100,AudioService,0,180,183,24214259,17564784,1772833710606
JSON,500,100,VideoService,73,187,264,24214259,207404688,1772833710606
JSON,500,100,MetadataService,83,180,267,24214259,101639696,1772833710606
JSON,500,100,AudioService,0,179,182,24214259,13399528,1772833710606
JSON,500,100,VideoService,75,185,263,24214259,243115808,1772833710606
JSON,500,100,MetadataService,76,186,265,24214259,100632776,1772833710606
JSON,500,100,AudioService,0,183,185,24214259,44735424,1772833710606
JSON,500,100,VideoService,79,178,261,24214259,199537264,1772833710606
JSON,500,100,MetadataService,82,179,265,24214259,398574992,1772833710606
JSON,500,200,AudioService,0,369,374,48467453,68659872,1772833726792
JSON,500,200,VideoService,159,356,523,48467453,331376512,1772833726792
JSON,500,200,MetadataService,153,369,528,48467453,347765656,1772833726792
JSON,500,200,AudioService,0,358,366,48467453,32050720,1772833726792
JSON,500,200,VideoService,152,368,528,48467453,305844480,1772833726792
JSON,500,200,MetadataService,154,371,532,48467453,196694240,1772833726792
JSON,500,200,AudioService,0,360,366,48467453,76362656,1772833726792
JSON,500,200,VideoService,152,369,528,48467453,283375184,1772833726792
JSON,500,200,MetadataService,153,368,528,48467453,197298184,1772833726792
JSON,500,200,AudioService,0,360,367,48467453,58129280,1772833726792
JSON,500,200,VideoService,153,368,528,48467453,273725952,1772833726792
JSON,500,200,MetadataService,153,367,527,48467453,201870872,1772833726792
JSON,500,200,AudioService,0,359,365,48467453,56799968,1772833726792
JSON,500,200,VideoService,153,368,527,48467453,277482024,1772833726792
JSON,500,200,MetadataService,154,370,531,48467453,200029168,1772833726792
JSON,500,200,AudioService,0,359,365,48467453,56083808,1772833726792
JSON,500,200,VideoService,153,368,528,48467453,281401784,1772833726792
JSON,500,200,MetadataService,153,367,527,48467453,200691216,1772833726792
JSON,500,200,AudioService,0,359,366,48467453,58531472,1772833726792
JSON,500,200,VideoService,153,369,529,48467453,276824064,1772833726792
JSON,500,200,MetadataService,153,367,526,48467453,202100032,1772833726792
JSON,500,200,AudioService,0,358,364,48467453,56265280,1772833726792
JSON,500,200,VideoService,153,368,528,48467453,279470400,1772833726792
JSON,500,200,MetadataService,156,367,530,48467453,200679472,1772833726792
JSON,500,200,AudioService,0,360,367,48467453,56125328,1772833726792
JSON,500,200,VideoService,153,368,528,48467453,275632448,1772833726792
JSON,500,200,MetadataService,154,368,528,48467453,197526064,1772833726792
JSON,500,200,AudioService,0,360,367,48467453,56443984,1772833726792
JSON,500,200,VideoService,152,367,527,48467453,276824064,1772833726792
JSON,500,200,MetadataService,154,367,527,48467453,199842712,1772833726792
JSON,500,500,AudioService,0,954,969,121229372,207465032,1772833767588
JSON,500,500,VideoService,380,944,1341,121229372,679447872,1772833767588
JSON,500,500,MetadataService,407,890,1328,121229372,347932176,1772833767588
JSON,500,500,AudioService,0,904,921,121229372,243464688,1772833767588
JSON,500,500,VideoService,375,946,1338,121229372,1088412192,1772833767588
JSON,500,500,MetadataService,376,945,1335,121229372,633121304,1772833767588
JSON,500,500,AudioService,0,918,930,121229372,5478600,1772833767588
JSON,500,500,VideoService,376,947,1341,121229372,623786160,1772833767588
JSON,500,500,MetadataService,430,907,1378,121229372,569751680,1772833767588
JSON,500,500,AudioService,0,926,938,121229372,290080640,1772833767588
JSON,500,500,VideoService,379,954,1350,121229372,640549896,1772833767588
JSON,500,500,MetadataService,374,942,1331,121229372,521437704,1772833767588
JSON,500,500,AudioService,0,920,937,121229372,264407048,1772833767588
JSON,500,500,VideoService,388,938,1343,121229372,735285856,1772833767588
JSON,500,500,MetadataService,431,888,1352,121229372,607119744,1772833767588
JSON,500,500,AudioService,0,900,917,121229372,67108864,1772833767588
JSON,500,500,VideoService,371,954,1342,121229372,1063653416,1772833767588
JSON,500,500,MetadataService,378,939,1331,121229372,672989344,1772833767588
JSON,500,500,AudioService,0,919,931,121229372,121229372,1772833767588
JSON,500,500,VideoService,378,943,1338,121229372,660669328,1772833767588
JSON,500,500,MetadataService,405,889,1325,121229372,727832400,1772833767588
JSON,500,500,AudioService,0,894,917,121229372,192605224,1772833767588
JSON,500,500,VideoService,372,945,1335,121229372,1098624680,1772833767588
JSON,500,500,MetadataService,375,944,1333,121229372,610169592,1772833767588
JSON,500,500,AudioService,0,921,933,121229372,4012016,1772833767588
JSON,500,500,VideoService,390,931,1338,121229372,570010440,1772833767588
JSON,500,500,MetadataService,444,891,1365,121229372,553266688,1772833767589
JSON,500,500,AudioService,0,904,921,121229372,16777216,1772833767589
JSON,500,500,VideoService,379,948,1345,121229372,655822432,1772833767589
JSON,500,500,MetadataService,374,946,1335,121229372,512244864,1772833767589
JSON,500,1000,AudioService,0,1917,1944,242498527,53019288,1772833849661
JSON,500,1000,VideoService,933,1806,3056,242498527,1623195648,1772833849661
JSON,500,1000,MetadataService,773,1943,2745,242498527,1504410456,1772833849661
JSON,500,1000,AudioService,0,1908,1936,242498527,242498527,1772833849661
JSON,500,1000,VideoService,731,1918,2683,242498527,2329299376,1772833849661
JSON,500,1000,MetadataService,757,1915,2699,242498527,1354760080,1772833849661
JSON,500,1000,AudioService,0,1804,1834,242498527,914589880,1772833849661
JSON,500,1000,VideoService,762,1923,2719,242498527,1332585560,1772833849662
JSON,500,1000,MetadataService,789,1794,2626,242498527,1962220992,1772833849662
JSON,500,1000,AudioService,0,1814,1843,242498527,1397192352,1772833849662
JSON,500,1000,VideoService,764,1904,2701,242498527,1427694856,1772833849662
JSON,500,1000,MetadataService,810,1796,2671,242498527,1515806544,1772833849662
JSON,500,1000,AudioService,0,1837,1875,242498527,419430400,1772833849662
JSON,500,1000,VideoService,757,1908,2699,242498527,1332583672,1772833849662
JSON,500,1000,MetadataService,728,1867,2623,242498527,1999043648,1772833849662
JSON,500,1000,AudioService,0,1807,1837,242498527,1401355488,1772833849662
JSON,500,1000,VideoService,766,1916,2716,242498527,1410922360,1772833849662
JSON,500,1000,MetadataService,825,1798,2671,242498527,1421869056,1772833849662
JSON,500,1000,AudioService,0,1821,1857,242498527,348127232,1772833849662
JSON,500,1000,VideoService,761,1900,2695,242498527,1388314512,1772833849662
JSON,500,1000,MetadataService,846,1811,2718,242498527,1312817152,1772833849662
JSON,500,1000,AudioService,0,1852,1887,242498527,218103808,1772833849662
JSON,500,1000,VideoService,762,1923,2719,242498527,1405091784,1772833849662
JSON,500,1000,MetadataService,813,1779,2656,242498527,1475541344,1772833849662
JSON,500,1000,AudioService,0,1801,1837,242498527,364904448,1772833849662
JSON,500,1000,VideoService,774,1900,2708,242498527,1433182936,1772833849662
JSON,500,1000,MetadataService,791,1797,2650,242498527,1710342048,1772833849662
JSON,500,1000,AudioService,0,1859,1883,242498527,242498527,1772833849662
JSON,500,1000,VideoService,758,1890,2682,242498527,1363148744,1772833849662
JSON,500,1000,MetadataService,996,1806,2878,242498527,4209862200,1772833849662
JSON,500,2000,AudioService,0,4421,4470,485533956,485533956,1772834025300
JSON,500,2000,VideoService,1507,3910,5483,485533956,1966819776,1772834025300
JSON,500,2000,MetadataService,1867,4745,6670,485533956,1954545664,1772834025300
JSON,500,2000,AudioService,0,4843,4912,485533956,485533956,1772834025300
JSON,500,2000,VideoService,1514,4051,5632,485533956,2453658160,1772834025300
JSON,500,2000,MetadataService,1510,3855,5424,485533956,1933565680,1772834025300
JSON,500,2000,AudioService,0,3826,3873,485533956,485533956,1772834025300
JSON,500,2000,VideoService,1552,3935,5553,485533956,3049258840,1772834025301
JSON,500,2000,MetadataService,1560,3888,5506,485533956,3019894688,1772834025301
JSON,500,2000,AudioService,0,3877,3927,485533956,485533956,1772834025301
JSON,500,2000,VideoService,1533,3860,5461,485533956,2990538640,1772834025301
JSON,500,2000,MetadataService,1659,3922,5668,485533956,2160066560,1772834025301
JSON,500,2000,AudioService,0,4301,4348,485533956,485533956,1772834025301
JSON,500,2000,VideoService,1531,3857,5457,485533956,2990538584,1772834025301
JSON,500,2000,MetadataService,1526,3815,5403,485533956,2457862144,1772834025301
JSON,500,2000,AudioService,0,3813,3864,485533956,956074576,1772834025301
JSON,500,2000,VideoService,1550,3840,5456,485533956,3137339336,1772834025301
JSON,500,2000,MetadataService,1546,3838,5446,485533956,1933574008,1772834025301
JSON,500,2000,AudioService,0,3804,3856,485533956,1367211904,1772834025301
JSON,500,2000,VideoService,1555,3875,5498,485533956,3133145032,1772834025301
JSON,500,2000,MetadataService,1541,3805,5412,485533956,1946157000,1772834025301
JSON,500,2000,AudioService,0,4192,4243,485533956,485533956,1772834025301
JSON,500,2000,VideoService,1509,3916,5492,485533956,1933574088,1772834025301
JSON,500,2000,MetadataService,1603,3847,5509,485533956,1937768392,1772834025301
JSON,500,2000,AudioService,0,4986,5311,485533956,485533956,1772834025301
JSON,500,2000,VideoService,1596,4360,6026,485533956,2365587400,1772834025301
JSON,500,2000,MetadataService,1745,4317,6158,485533956,2545942192,1772834025301
JSON,500,2000,AudioService,0,3878,3928,485533956,485533956,1772834025301
JSON,500,2000,VideoService,1549,3820,5441,485533956,1925054280,1772834025301
JSON,500,2000,MetadataService,1625,3861,5543,485533956,1962934216,1772834025301
JSON,500,3000,AudioService,0,7387,7792,728575419,728575419,1772834289728
JSON,500,3000,VideoService,2439,6215,8753,728575419,2935677336,1772834289728
JSON,500,3000,MetadataService,4235,7673,12161,728575419,4034789360,1772834289728
JSON,500,3000,AudioService,0,6860,6945,728575419,728575419,1772834289728
JSON,500,3000,VideoService,2286,6035,8421,728575419,4508876744,1772834289728
JSON,500,3000,MetadataService,2421,5821,8404,728575419,2881479696,1772834289728
JSON,500,3000,AudioService,0,5887,6001,728575419,1052770304,1772834289728
JSON,500,3000,VideoService,2262,5878,8240,728575419,2881486192,1772834289729
JSON,500,3000,MetadataService,2276,5850,8215,728575419,2973630448,1772834289729
JSON,500,3000,AudioService,0,5815,5888,728575419,728575419,1772834289729
JSON,500,3000,VideoService,2323,5867,8291,728575419,4601151376,1772834289729
JSON,500,3000,MetadataService,2328,5820,8236,728575419,4727033648,1772834289729
JSON,500,3000,AudioService,0,5985,6074,728575419,728575419,1772834289729
JSON,500,3000,VideoService,2270,5862,8233,728575419,3900702664,1772834289729
JSON,500,3000,MetadataService,2265,5830,8183,728575419,2881486656,1772834289729
JSON,500,3000,AudioService,0,5779,5848,728575419,728575419,1772834289729
JSON,500,3000,VideoService,2332,5867,8301,728575419,4580179664,1772834289729
JSON,500,3000,MetadataService,2372,6055,8550,728575419,3426746120,1772834289729
JSON,500,3000,AudioService,0,5929,6007,728575419,251464352,1772834289729
JSON,500,3000,VideoService,2346,5869,8316,728575419,4601151432,1772834289729
JSON,500,3000,MetadataService,2296,5826,8207,728575419,4244504504,1772834289729
JSON,500,3000,AudioService,0,5766,5830,728575419,728575419,1772834289729
JSON,500,3000,VideoService,2331,5869,8306,728575419,3527409608,1772834289729
JSON,500,3000,MetadataService,2265,5775,8126,728575419,2877292488,1772834289729
JSON,500,3000,AudioService,0,5774,5844,728575419,728575419,1772834289729
JSON,500,3000,VideoService,2362,5801,8301,728575419,4135583688,1772834289729
JSON,500,3000,MetadataService,2265,5794,8145,728575419,2881486528,1772834289729
JSON,500,3000,AudioService,0,6023,6092,728575419,728575419,1772834289729
JSON,500,3000,VideoService,2413,6146,8660,728575419,4550819784,1772834289729
JSON,500,3000,MetadataService,2472,6226,8837,728575419,4118805976,1772834289729
JSON,1000,100,AudioService,0,459,490,48427954,763363328,1772834306379
JSON,1000,100,VideoService,165,391,564,48427954,239210216,1772834306379
JSON,1000,100,MetadataService,156,379,542,48427954,374920720,1772834306379
JSON,1000,100,AudioService,0,370,376,48427954,104857600,1772834306379
JSON,1000,100,VideoService,157,376,541,48427954,195663616,1772834306379
JSON,1000,100,MetadataService,168,357,533,48427954,100271056,1772834306379
JSON,1000,100,AudioService,0,358,365,48427954,58728528,1772834306379
JSON,1000,100,VideoService,157,379,543,48427954,195630200,1772834306379
JSON,1000,100,MetadataService,155,375,538,48427954,374100576,1772834306379
JSON,1000,100,AudioService,0,368,374,48427954,104838144,1772834306379
JSON,1000,100,VideoService,156,377,540,48427954,200929056,1772834306379
JSON,1000,100,MetadataService,168,357,533,48427954,100008880,1772834306379
JSON,1000,100,AudioService,0,358,365,48427954,58760640,1772834306379
JSON,1000,100,VideoService,156,376,540,48427954,200350784,1772834306379
JSON,1000,100,MetadataService,155,374,536,48427954,374720944,1772834306379
JSON,1000,100,AudioService,0,368,374,48427954,105696896,1772834306379
JSON,1000,100,VideoService,156,378,542,48427954,201593712,1772834306379
JSON,1000,100,MetadataService,168,357,533,48427954,100008880,1772834306379
JSON,1000,100,AudioService,0,359,366,48427954,59225744,1772834306379
JSON,1000,100,VideoService,157,376,541,48427954,195297512,1772834306379
JSON,1000,100,MetadataService,156,376,538,48427954,373347752,1772834306379
JSON,1000,100,AudioService,0,368,374,48427954,105626112,1772834306379
JSON,1000,100,VideoService,156,376,540,48427954,197236528,1772834306379
JSON,1000,100,MetadataService,167,357,532,48427954,100008880,1772834306379
JSON,1000,100,AudioService,0,358,365,48427954,58131024,1772834306379
JSON,1000,100,VideoService,157,378,542,48427954,197920168,1772834306379
JSON,1000,100,MetadataService,155,375,537,48427954,371623184,1772834306379
JSON,1000,100,AudioService,0,348,357,48427954,767557632,1772834306379
JSON,1000,100,VideoService,157,376,540,48427954,200153056,1772834306379
JSON,1000,100,MetadataService,167,356,532,48427954,99877792,1772834306379
JSON,1000,200,AudioService,0,798,808,96934514,44198184,1772834339194
JSON,1000,200,VideoService,294,754,1062,96934514,875000320,1772834339194
JSON,1000,200,MetadataService,303,760,1075,96934514,503378760,1772834339194
JSON,1000,200,AudioService,0,740,750,96934514,96934514,1772834339194
JSON,1000,200,VideoService,303,760,1078,96934514,504417520,1772834339194
JSON,1000,200,MetadataService,356,710,1090,96934514,308175768,1772834339194
JSON,1000,200,AudioService,0,732,746,96934514,189452456,1772834339194
JSON,1000,200,VideoService,321,744,1078,96934514,394395608,1772834339194
JSON,1000,200,MetadataService,315,745,1073,96934514,476014432,1772834339194
JSON,1000,200,AudioService,0,736,748,96934514,96934514,1772834339194
JSON,1000,200,VideoService,312,746,1072,96934514,399574504,1772834339194
JSON,1000,200,MetadataService,339,715,1081,96934514,220987312,1772834339194
JSON,1000,200,AudioService,0,732,746,96934514,101731488,1772834339194
JSON,1000,200,VideoService,313,745,1071,96934514,407937416,1772834339194
JSON,1000,200,MetadataService,314,743,1071,96934514,413573704,1772834339194
JSON,1000,200,AudioService,0,739,751,96934514,125117960,1772834339194
JSON,1000,200,VideoService,314,746,1074,96934514,407844712,1772834339194
JSON,1000,200,MetadataService,301,759,1072,96934514,419430344,1772834339194
JSON,1000,200,AudioService,0,724,740,96934514,170199200,1772834339194
JSON,1000,200,VideoService,315,743,1072,96934514,452984632,1772834339194
JSON,1000,200,MetadataService,351,716,1092,96934514,437749568,1772834339194
JSON,1000,200,AudioService,0,729,742,96934514,96934514,1772834339194
JSON,1000,200,VideoService,315,744,1073,96934514,441283704,1772834339194
JSON,1000,200,MetadataService,315,744,1073,96934514,413801104,1772834339194
JSON,1000,200,AudioService,0,737,749,96934514,171261104,1772834339194
JSON,1000,200,VideoService,304,760,1078,96934514,509420344,1772834339194
JSON,1000,200,MetadataService,301,758,1071,96934514,410778184,1772834339194
JSON,1000,200,AudioService,0,724,738,96934514,251346304,1772834339194
JSON,1000,200,VideoService,302,758,1075,96934514,498662072,1772834339194
JSON,1000,200,MetadataService,327,711,1062,96934514,293737760,1772834339194
JSON,1000,500,AudioService,0,1880,1908,242458528,810568032,1772834420630
JSON,1000,500,VideoService,781,1883,2700,242458528,1652108728,1772834420630
JSON,1000,500,MetadataService,788,1861,2681,242458528,984671880,1772834420630
JSON,1000,500,AudioService,0,1875,1900,242458528,242458528,1772834420630
JSON,1000,500,VideoService,898,1775,2723,242458528,734003200,1772834420630
JSON,1000,500,MetadataService,757,1883,2669,242458528,995757680,1772834420630
JSON,1000,500,AudioService,0,1836,1866,242458528,856073848,1772834420630
JSON,1000,500,VideoService,769,1885,2688,242458528,1493093264,1772834420630
JSON,1000,500,MetadataService,800,1778,2642,242458528,650117120,1772834420630
JSON,1000,500,AudioService,0,1792,1830,242458528,583008256,1772834420630
JSON,1000,500,VideoService,769,1879,2683,242458528,1507174928,1772834420630
JSON,1000,500,MetadataService,800,1779,2639,242458528,633339904,1772834420630
JSON,1000,500,AudioService,0,1860,1883,242458528,242458528,1772834420630
JSON,1000,500,VideoService,768,1880,2682,242458528,1479321040,1772834420630
JSON,1000,500,MetadataService,858,1781,2707,242458528,699192224,1772834420630
JSON,1000,500,AudioService,0,1843,1872,242458528,930866408,1772834420630
JSON,1000,500,VideoService,768,1881,2683,242458528,1497235384,1772834420630
JSON,1000,500,MetadataService,801,1778,2642,242458528,641647040,1772834420630
JSON,1000,500,AudioService,0,1867,1888,242458528,242458528,1772834420630
JSON,1000,500,VideoService,768,1880,2682,242458528,1509367344,1772834420631
JSON,1000,500,MetadataService,906,1778,2747,242458528,977272832,1772834420631
JSON,1000,500,AudioService,0,1809,1842,242458528,242458528,1772834420631
JSON,1000,500,VideoService,768,1882,2684,242458528,1497366472,1772834420631
JSON,1000,500,MetadataService,801,1772,2636,242458528,645939536,1772834420631
JSON,1000,500,AudioService,0,1831,1858,242458528,1229535424,1772834420631
JSON,1000,500,VideoService,771,1877,2683,242458528,1530789664,1772834420631
JSON,1000,500,MetadataService,804,1784,2657,242458528,1890805296,1772834420631
JSON,1000,500,AudioService,0,1842,1870,242458528,1313295600,1772834420631
JSON,1000,500,VideoService,769,1905,2708,242458528,1503101352,1772834420631
JSON,1000,500,MetadataService,793,1779,2638,242458528,1805633216,1772834420631
JSON,1000,1000,AudioService,0,3787,3833,484994957,74179464,1772834583845
JSON,1000,1000,VideoService,1553,3685,5304,484994957,1941962752,1772834583845
JSON,1000,1000,MetadataService,1517,3759,5335,484994957,1996488496,1772834583845
JSON,1000,1000,AudioService,0,3774,3822,484994957,484994957,1772834583845
JSON,1000,1000,VideoService,1506,3774,5348,484994957,2424307656,1772834583845
JSON,1000,1000,MetadataService,1512,3755,5344,484994957,2264924160,1772834583845
JSON,1000,1000,AudioService,0,3691,3746,484994957,1432965368,1772834583845
JSON,1000,1000,VideoService,1566,3759,5393,484994957,3229086624,1772834583846
JSON,1000,1000,MetadataService,1556,3670,5287,484994957,2516582400,1772834583846
JSON,1000,1000,AudioService,0,3728,3781,484994957,762968104,1772834583846
JSON,1000,1000,VideoService,1568,3757,5392,484994957,3175088072,1772834583846
JSON,1000,1000,MetadataService,1552,3682,5294,484994957,1925185536,1772834583846
JSON,1000,1000,AudioService,0,3615,3676,484994957,275463688,1772834583846
JSON,1000,1000,VideoService,1555,3755,5377,484994957,3124756424,1772834583846
JSON,1000,1000,MetadataService,1547,3725,5336,484994957,1941962696,1772834583846
JSON,1000,1000,AudioService,0,3782,3827,484994957,484994957,1772834583846
JSON,1000,1000,VideoService,1551,3761,5379,484994957,3082813384,1772834583846
JSON,1000,1000,MetadataService,1566,3764,5387,484994957,3091201992,1772834583846
JSON,1000,1000,AudioService,0,3772,3820,484994957,484994957,1772834583846
JSON,1000,1000,VideoService,1541,3763,5372,484994957,2969566952,1772834583846
JSON,1000,1000,MetadataService,1532,3732,5324,484994957,2088763392,1772834583846
JSON,1000,1000,AudioService,0,3874,3920,484994957,484994957,1772834583846
JSON,1000,1000,VideoService,1536,3781,5385,484994957,2990538696,1772834583846
JSON,1000,1000,MetadataService,1531,3730,5321,484994957,2285895680,1772834583846
JSON,1000,1000,AudioService,0,3725,3776,484994957,889192392,1772834583846
JSON,1000,1000,VideoService,1560,3756,5383,484994957,3187670816,1772834583846
JSON,1000,1000,MetadataService,1549,3727,5341,484994957,1950351304,1772834583846
JSON,1000,1000,AudioService,0,3776,3823,484994957,484994957,1772834583846
JSON,1000,1000,VideoService,1559,3769,5395,484994957,3007315912,1772834583846
JSON,1000,1000,MetadataService,1513,3776,5347,484994957,1954545608,1772834583846
JSON,1000,2000,AudioService,0,7871,7959,971075636,442759320,1772835039661
JSON,1000,2000,VideoService,4364,8079,12582,971075636,5505687952,1772835039661
JSON,1000,2000,MetadataService,5071,11520,17499,971075636,7113385992,1772835039661
JSON,1000,2000,AudioService,0,9877,10347,971075636,1765801984,1772835039661
JSON,1000,2000,VideoService,4961,11601,16860,971075636,4911507688,1772835039661
JSON,1000,2000,MetadataService,4292,11115,15797,971075636,4202154032,1772835039661
JSON,1000,2000,AudioService,0,11837,12208,971075636,971075636,1772835039661
JSON,1000,2000,VideoService,4729,9248,14144,971075636,4470974456,1772835039661
JSON,1000,2000,MetadataService,3603,8784,12514,971075636,4139646848,1772835039661
JSON,1000,2000,AudioService,0,10523,10750,971075636,971075636,1772835039661
JSON,1000,2000,VideoService,4482,11002,15922,971075636,5112703552,1772835039661
JSON,1000,2000,MetadataService,4085,9202,13419,971075636,5330960216,1772835039661
JSON,1000,2000,AudioService,0,10670,10912,971075636,971075636,1772835039661
JSON,1000,2000,VideoService,4313,9129,13636,971075636,3942505944,1772835039661
JSON,1000,2000,MetadataService,4803,9274,14213,971075636,5628747296,1772835039661
JSON,1000,2000,AudioService,0,10801,11006,971075636,971075636,1772835039661
JSON,1000,2000,VideoService,4004,10676,14974,971075636,3997170896,1772835039661
JSON,1000,2000,MetadataService,5336,10793,16355,971075636,4478379264,1772835039661
JSON,1000,2000,AudioService,0,11413,11695,971075636,971075636,1772835039661
JSON,1000,2000,VideoService,4910,11217,16699,971075636,5356071944,1772835039661
JSON,1000,2000,MetadataService,3528,8931,12575,971075636,4953435624,1772835039661
JSON,1000,2000,AudioService,0,9801,9917,971075636,159383552,1772835039661
JSON,1000,2000,VideoService,5044,10275,15950,971075636,4415964880,1772835039661
JSON,1000,2000,MetadataService,3432,9231,12802,971075636,3879110448,1772835039662
JSON,1000,2000,AudioService,0,8229,8333,971075636,971075636,1772835039662
JSON,1000,2000,VideoService,3867,8515,12660,971075636,4718591416,1772835039662
JSON,1000,2000,MetadataService,5651,11746,17786,971075636,5309549632,1772835039662
JSON,1000,2000,AudioService,0,11369,11682,971075636,562036736,1772835039662
JSON,1000,2000,VideoService,4832,11245,16550,971075636,4777100520,1772835039662
JSON,1000,2000,MetadataService,3651,9305,13110,971075636,4969741072,1772835039662
JSON,1000,3000,AudioService,0,15851,16205,1457149346,1673136144,1772835718452
JSON,1000,3000,VideoService,8069,17208,26325,1457149346,5855285856,1772835718453
JSON,1000,3000,MetadataService,6767,16357,23933,1457149346,7235296296,1772835718453
JSON,1000,3000,AudioService,0,14404,14657,1457149346,1111490560,1772835718453
JSON,1000,3000,VideoService,7161,15313,22764,1457149346,7708991224,1772835718453
JSON,1000,3000,MetadataService,6735,15385,22413,1457149346,6262226344,1772835718453
JSON,1000,3000,AudioService,0,15841,16450,1457149346,1681915904,1772835718453
JSON,1000,3000,VideoService,6585,14689,22094,1457149346,6316621152,1772835718453
JSON,1000,3000,MetadataService,6139,15411,21905,1457149346,6455164328,1772835718453
JSON,1000,3000,AudioService,0,13510,13644,1457149346,918552576,1772835718453
JSON,1000,3000,VideoService,5150,14302,19653,1457149346,5901385056,1772835718453
JSON,1000,3000,MetadataService,7470,15391,23697,1457149346,7285505376,1772835718453
JSON,1000,3000,AudioService,0,16551,17108,1457149346,1457149346,1772835718453
JSON,1000,3000,VideoService,7251,15230,22964,1457149346,5804785032,1772835718453
JSON,1000,3000,MetadataService,7090,15208,22788,1457149346,6803464824,1772835718453
JSON,1000,3000,AudioService,0,14401,14776,1457149346,1457149346,1772835718453
JSON,1000,3000,VideoService,6755,15181,22484,1457149346,5853567296,1772835718453
JSON,1000,3000,MetadataService,6653,15606,22761,1457149346,5850336032,1772835718453
JSON,1000,3000,AudioService,0,15147,15689,1457149346,658374640,1772835718453
JSON,1000,3000,VideoService,7472,15401,23148,1457149346,6031288776,1772835718453
JSON,1000,3000,MetadataService,6797,15777,22862,1457149346,5846643336,1772835718453
JSON,1000,3000,AudioService,0,12321,12455,1457149346,1279131632,1772835718453
JSON,1000,3000,VideoService,5096,12201,17512,1457149346,6345911528,1772835718453
JSON,1000,3000,MetadataService,5524,13113,18949,1457149346,5771040240,1772835718453
JSON,1000,3000,AudioService,0,14621,15001,1457149346,549322736,1772835718453
JSON,1000,3000,VideoService,6237,15192,22269,1457149346,7876902856,1772835718453
JSON,1000,3000,MetadataService,6963,15350,22765,1457149346,5908417888,1772835718453
JSON,1000,3000,AudioService,0,14441,14906,1457149346,1874853888,1772835718453
JSON,1000,3000,VideoService,7297,15170,22984,1457149346,6908018632,1772835718453
JSON,1000,3000,MetadataService,7460,16115,23790,1457149346,5857562312,1772835718453
JSON,2000,100,AudioService,0,1540,1641,96856514,96856514,1772835752689
JSON,2000,100,VideoService,300,918,1236,96856514,843055104,1772835752689
JSON,2000,100,MetadataService,317,765,1095,96856514,420722768,1772835752689
JSON,2000,100,AudioService,0,739,748,96856514,96856514,1772835752689
JSON,2000,100,VideoService,309,771,1094,96856514,410295432,1772835752689
JSON,2000,100,MetadataService,302,765,1078,96856514,405219512,1772835752689
JSON,2000,100,AudioService,0,723,739,96856514,157903744,1772835752689
JSON,2000,100,VideoService,317,745,1076,96856514,460577800,1772835752689
JSON,2000,100,MetadataService,346,709,1079,96856514,495686832,1772835752689
JSON,2000,100,AudioService,0,726,740,96856514,96856514,1772835752689
JSON,2000,100,VideoService,315,747,1075,96856514,452984776,1772835752689
JSON,2000,100,MetadataService,302,761,1075,96856514,409563384,1772835752689
JSON,2000,100,AudioService,0,734,749,96856514,154161000,1772835752689
JSON,2000,100,VideoService,315,744,1073,96856514,444596168,1772835752689
JSON,2000,100,MetadataService,350,711,1084,96856514,449379520,1772835752689
JSON,2000,100,AudioService,0,720,733,96856514,96856514,1772835752689
JSON,2000,100,VideoService,315,743,1072,96856514,451022640,1772835752689
JSON,2000,100,MetadataService,317,745,1076,96856514,416671160,1772835752689
JSON,2000,100,AudioService,0,724,740,96856514,146815320,1772835752689
JSON,2000,100,VideoService,314,743,1071,96856514,413654472,1772835752689
JSON,2000,100,MetadataService,337,710,1067,96856514,209715200,1772835752689
JSON,2000,100,AudioService,0,723,736,96856514,125360704,1772835752689
JSON,2000,100,VideoService,312,746,1073,96856514,395589088,1772835752689
JSON,2000,100,MetadataService,317,748,1078,96856514,411641288,1772835752689
JSON,2000,100,AudioService,0,722,736,96856514,118594288,1772835752689
JSON,2000,100,VideoService,315,743,1072,96856514,461373384,1772835752689
JSON,2000,100,MetadataService,342,713,1082,96856514,503316480,1772835752689
JSON,2000,100,AudioService,0,725,740,96856514,78881488,1772835752689
JSON,2000,100,VideoService,312,746,1073,96856514,400912000,1772835752689
JSON,2000,100,MetadataService,315,744,1073,96856514,417086312,1772835752689
JSON,2000,200,AudioService,0,1597,1619,193872565,193872565,1772835818480
JSON,2000,200,VideoService,613,1525,2166,193872565,784509944,1772835818480
JSON,2000,200,MetadataService,620,1521,2164,193872565,813284792,1772835818480
JSON,2000,200,AudioService,0,1452,1480,193872565,251434312,1772835818480
JSON,2000,200,VideoService,620,1515,2163,193872565,1105457656,1772835818480
JSON,2000,200,MetadataService,659,1417,2124,193872565,1410667808,1772835818480
JSON,2000,200,AudioService,0,1446,1468,193872565,193872565,1772835818480
JSON,2000,200,VideoService,627,1513,2168,193872565,1111914792,1772835818480
JSON,2000,200,MetadataService,658,1421,2127,193872565,1396569920,1772835818480
JSON,2000,200,AudioService,0,1448,1470,193872565,193872565,1772835818480
JSON,2000,200,VideoService,608,1518,2154,193872565,1046809496,1772835818480
JSON,2000,200,MetadataService,642,1420,2109,193872565,545259520,1772835818480
JSON,2000,200,AudioService,0,1439,1468,193872565,414782736,1772835818480
JSON,2000,200,VideoService,610,1513,2150,193872565,1072548600,1772835818480
JSON,2000,200,MetadataService,644,1419,2109,193872565,541065216,1772835818480
JSON,2000,200,AudioService,0,1438,1466,193872565,402653184,1772835818480
JSON,2000,200,VideoService,620,1511,2159,193872565,1115684808,1772835818481
JSON,2000,200,MetadataService,679,1430,2159,193872565,419430400,1772835818481
JSON,2000,200,AudioService,0,1435,1470,193872565,3057647616,1772835818481
JSON,2000,200,VideoService,617,1527,2173,193872565,1132462024,1772835818481
JSON,2000,200,MetadataService,677,1434,2159,193872565,415236096,1772835818481
JSON,2000,200,AudioService,0,1571,1591,193872565,159686112,1772835818481
JSON,2000,200,VideoService,628,1537,2192,193872565,1132461968,1772835818481
JSON,2000,200,MetadataService,664,1489,2203,193872565,3371313928,1772835818481
JSON,2000,200,AudioService,0,1536,1556,193872565,193872565,1772835818481
JSON,2000,200,VideoService,609,1533,2170,193872565,1076144208,1772835818481
JSON,2000,200,MetadataService,696,1471,2215,193872565,591396864,1772835818481
JSON,2000,200,AudioService,0,1538,1566,193872565,505578032,1772835818481
JSON,2000,200,VideoService,616,1525,2170,193872565,1140850632,1772835818481
JSON,2000,200,MetadataService,715,1429,2193,193872565,608174080,1772835818481
JSON,2000,500,AudioService,0,3845,3897,484915957,569226000,1772835987625
JSON,2000,500,VideoService,1552,3832,5454,484915957,2635678784,1772835987625
JSON,2000,500,MetadataService,1522,3927,5507,484915957,1996357560,1772835987625
JSON,2000,500,AudioService,0,3997,4044,484915957,484915957,1772835987625
JSON,2000,500,VideoService,1532,3941,5541,484915957,2558525384,1772835987625
JSON,2000,500,MetadataService,1518,3943,5519,484915957,1953782928,1772835987625
JSON,2000,500,AudioService,0,3940,3990,484915957,484915957,1772835987625
JSON,2000,500,VideoService,1568,3946,5582,484915957,3057578592,1772835987625
JSON,2000,500,MetadataService,1577,4118,5757,484915957,2592079872,1772835987625
JSON,2000,500,AudioService,0,3888,3942,484915957,788529096,1772835987625
JSON,2000,500,VideoService,1592,3948,5608,484915957,3133081320,1772835987625
JSON,2000,500,MetadataService,1547,4148,5761,484915957,1933443000,1772835987625
JSON,2000,500,AudioService,0,3952,4006,484915957,484915957,1772835987625
JSON,2000,500,VideoService,1590,3925,5583,484915957,3086876520,1772835987625
JSON,2000,500,MetadataService,1561,3981,5612,484915957,1941454824,1772835987625
JSON,2000,500,AudioService,0,4013,4066,484915957,484915957,1772835987625
JSON,2000,500,VideoService,1594,3935,5597,484915957,3094927072,1772835987625
JSON,2000,500,MetadataService,1560,3819,5445,484915957,1920991176,1772835987625
JSON,2000,500,AudioService,0,3839,3895,484915957,484915957,1772835987625
JSON,2000,500,VideoService,1512,3933,5513,484915957,1962934160,1772835987625
JSON,2000,500,MetadataService,1503,3921,5479,484915957,1966997488,1772835987625
JSON,2000,500,AudioService,0,3823,3875,484915957,784334848,1772835987625
JSON,2000,500,VideoService,1583,3903,5553,484915957,3078619080,1772835987625
JSON,2000,500,MetadataService,1513,3914,5485,484915957,1958608768,1772835987625
JSON,2000,500,AudioService,0,3915,3964,484915957,484915957,1772835987625
JSON,2000,500,VideoService,1527,3907,5502,484915957,2495610768,1772835987625
JSON,2000,500,MetadataService,1519,3853,5430,484915957,1937391424,1772835987625
JSON,2000,500,AudioService,0,3815,3863,484915957,484915957,1772835987625
JSON,2000,500,VideoService,1563,3952,5582,484915957,2977955816,1772835987625
JSON,2000,500,MetadataService,1559,3750,5369,484915957,2373976064,1772835987625
JSON,2000,1000,AudioService,0,7813,7907,969998636,969998636,1772836328761
JSON,2000,1000,VideoService,3134,8146,11419,969998636,3840502144,1772836328761
JSON,2000,1000,MetadataService,3078,7642,10841,969998636,3854459176,1772836328761
JSON,2000,1000,AudioService,0,7851,7955,969998636,1413480448,1772836328761
JSON,2000,1000,VideoService,3233,7646,11013,969998636,6274590416,1772836328761
JSON,2000,1000,MetadataService,3155,7619,10904,969998636,5658104608,1772836328761
JSON,2000,1000,AudioService,0,7759,7848,969998636,969998636,1772836328761
JSON,2000,1000,VideoService,3121,7605,10862,969998636,5460983752,1772836328761
JSON,2000,1000,MetadataService,3023,7606,10745,969998636,3825205192,1772836328761
JSON,2000,1000,AudioService,0,8304,8390,969998636,969998636,1772836328761
JSON,2000,1000,VideoService,3065,7909,11113,969998636,5786582240,1772836328761
JSON,2000,1000,MetadataService,3072,7581,10777,969998636,3858618080,1772836328761
JSON,2000,1000,AudioService,0,7927,8019,969998636,969998636,1772836328761
JSON,2000,1000,VideoService,3223,7655,11011,969998636,4504682440,1772836328761
JSON,2000,1000,MetadataService,3238,7662,11020,969998636,6463422408,1772836328761
JSON,2000,1000,AudioService,0,7765,7856,969998636,969998636,1772836328761
JSON,2000,1000,VideoService,3028,7583,10744,969998636,3833593800,1772836328761
JSON,2000,1000,MetadataService,3223,7579,10920,969998636,3825205192,1772836328761
JSON,2000,1000,AudioService,0,8118,8211,969998636,969998636,1772836328761
JSON,2000,1000,VideoService,3236,7776,11146,969998636,4617928648,1772836328761
JSON,2000,1000,MetadataService,3108,7770,11007,969998636,5561647104,1772836328761
JSON,2000,1000,AudioService,0,7825,7931,969998636,855638016,1772836328761
JSON,2000,1000,VideoService,3242,7661,11038,969998636,6257901512,1772836328761
JSON,2000,1000,MetadataService,3190,7912,11254,969998636,5561647104,1772836328761
JSON,2000,1000,AudioService,0,8041,8137,969998636,969998636,1772836328761
JSON,2000,1000,VideoService,3033,7715,10883,969998636,3816684688,1772836328761
JSON,2000,1000,MetadataService,3069,7588,10779,969998636,3841850512,1772836328761
JSON,2000,1000,AudioService,0,7559,7656,969998636,969998636,1772836328761
JSON,2000,1000,VideoService,3339,7572,11046,969998636,6127877824,1772836328761
JSON,2000,1000,MetadataService,3451,8094,11697,969998636,5913968320,1772836328761
JSON,2000,2000,AudioService,0,19699,20415,1942155105,2323644416,1772837403742
JSON,2000,2000,VideoService,17042,22534,40601,1942155105,3886831432,1772837403742
JSON,2000,2000,MetadataService,10780,22691,33978,1942155105,3887565288,1772837403742
JSON,2000,2000,AudioService,0,21519,22560,1942155105,1942155105,1772837403742
JSON,2000,2000,VideoService,11288,21899,33768,1942155105,3886385256,1772837403742
JSON,2000,2000,MetadataService,12225,24449,37123,1942155105,3887303088,1772837403742
JSON,2000,2000,AudioService,0,23235,24110,1942155105,1010824744,1772837403744
JSON,2000,2000,VideoService,14533,25616,41285,1942155105,3887827512,1772837403744
JSON,2000,2000,MetadataService,14516,27374,42232,1942155105,3887565312,1772837403744
JSON,2000,2000,AudioService,0,25175,25854,1942155105,1942155105,1772837403744
JSON,2000,2000,VideoService,11459,24179,36620,1942155105,3887827488,1772837403744
JSON,2000,2000,MetadataService,12608,24645,37773,1942155105,3887827512,1772837403744
JSON,2000,2000,AudioService,0,22411,23225,1942155105,1212362480,1772837403744
JSON,2000,2000,VideoService,11686,21936,34113,1942155105,3887040736,1772837403744
JSON,2000,2000,MetadataService,10887,24146,35736,1942155105,3888089712,1772837403744
JSON,2000,2000,AudioService,0,22497,22846,1942155105,1942155105,1772837403747
JSON,2000,2000,VideoService,10803,22843,34188,1942155105,3943505760,1772837403747
JSON,2000,2000,MetadataService,11165,22130,34475,1942155105,3887958624,1772837403747
JSON,2000,2000,AudioService,0,20497,21145,1942155105,1812316456,1772837403747
JSON,2000,2000,VideoService,10281,21534,32443,1942155105,3942759736,1772837403747
JSON,2000,2000,MetadataService,11541,21785,33770,1942155105,3887565232,1772837403747
JSON,2000,2000,AudioService,0,21088,22815,1942155105,1199954864,1772837403747
JSON,2000,2000,VideoService,9398,21261,31832,1942155105,3941718760,1772837403747
JSON,2000,2000,MetadataService,11379,21012,33639,1942155105,3887401232,1772837403747
JSON,2000,2000,AudioService,0,20686,21643,1942155105,1942155105,1772837403747
JSON,2000,2000,VideoService,12576,22450,35926,1942155105,3887958520,1772837403749
JSON,2000,2000,MetadataService,12427,22324,35203,1942155105,3887434152,1772837403749
JSON,2000,2000,AudioService,0,21179,22488,1942155105,1502619456,1772837403749
JSON,2000,2000,VideoService,12212,21664,34514,1942155105,3887958624,1772837403749
JSON,2000,2000,MetadataService,11773,20664,33625,1942155105,3887565240,1772837403749
JSON,3000,100,AudioService,0,1321,1334,145289188,145289188,1772837465133
JSON,3000,100,VideoService,441,1256,1718,145289188,922053032,1772837465133
JSON,3000,100,MetadataService,500,1080,1612,145289188,318767104,1772837465133
JSON,3000,100,AudioService,0,1115,1129,145289188,145289188,1772837465133
JSON,3000,100,VideoService,424,1145,1589,145289188,725167800,1772837465133
JSON,3000,100,MetadataService,514,1076,1623,145289188,595591168,1772837465133
JSON,3000,100,AudioService,0,1096,1117,145289188,29360128,1772837465133
JSON,3000,100,VideoService,428,1139,1588,145289188,716767640,1772837465134
JSON,3000,100,MetadataService,472,1068,1574,145289188,869939104,1772837465134
JSON,3000,100,AudioService,0,1097,1112,145289188,145289188,1772837465134
JSON,3000,100,VideoService,447,1116,1584,145289188,681384536,1772837465134
JSON,3000,100,MetadataService,425,1155,1597,145289188,605859504,1772837465134
JSON,3000,100,AudioService,0,1086,1108,145289188,444422920,1772837465134
JSON,3000,100,VideoService,427,1136,1584,145289188,756817944,1772837465134
JSON,3000,100,MetadataService,467,1065,1567,145289188,989855744,1772837465134
JSON,3000,100,AudioService,0,1091,1108,145289188,145289188,1772837465134
JSON,3000,100,VideoService,427,1147,1595,145289188,741912208,1772837465134
JSON,3000,100,MetadataService,424,1145,1586,145289188,615241264,1772837465134
JSON,3000,100,AudioService,0,1084,1109,145289188,463811712,1772837465134
JSON,3000,100,VideoService,429,1144,1593,145289188,768892488,1772837465134
JSON,3000,100,MetadataService,465,1080,1577,145289188,957421968,1772837465134
JSON,3000,100,AudioService,0,1095,1112,145289188,145289188,1772837465134
JSON,3000,100,VideoService,445,1123,1590,145289188,670334672,1772837465134
JSON,3000,100,MetadataService,422,1139,1578,145289188,607725456,1772837465134
JSON,3000,100,AudioService,0,1081,1102,145289188,426713392,1772837465134
JSON,3000,100,VideoService,426,1138,1585,145289188,765061176,1772837465134
JSON,3000,100,MetadataService,472,1077,1582,145289188,956301312,1772837465134
JSON,3000,100,AudioService,0,1087,1104,145289188,145289188,1772837465134
JSON,3000,100,VideoService,444,1127,1592,145289188,678725992,1772837465134
JSON,3000,100,MetadataService,421,1137,1576,145289188,607799408,1772837465134
JSON,3000,200,AudioService,0,2306,2332,290810285,290810285,1772837562115
JSON,3000,200,VideoService,903,2310,3256,290810285,1162342152,1772837562115
JSON,3000,200,MetadataService,854,2297,3186,290810285,1177881456,1772837562115
JSON,3000,200,AudioService,0,2195,2240,290810285,780140544,1772837562115
JSON,3000,200,VideoService,875,2298,3215,290810285,1849556920,1772837562115
JSON,3000,200,MetadataService,834,2257,3126,290810285,2700554080,1772837562115
JSON,3000,200,AudioService,0,2261,2294,290810285,290810285,1772837562115
JSON,3000,200,VideoService,847,2306,3194,290810285,1199570888,1772837562115
JSON,3000,200,MetadataService,960,2169,3197,290810285,812672320,1772837562115
JSON,3000,200,AudioService,0,2285,2313,290810285,290810285,1772837562115
JSON,3000,200,VideoService,877,2316,3234,290810285,1802812552,1772837562115
JSON,3000,200,MetadataService,907,2165,3140,290810285,763363328,1772837562115
JSON,3000,200,AudioService,0,2257,2286,290810285,290810285,1772837562115
JSON,3000,200,VideoService,865,2315,3222,290810285,1749024712,1772837562115
JSON,3000,200,MetadataService,909,2151,3130,290810285,792723456,1772837562115
JSON,3000,200,AudioService,0,2262,2290,290810285,290810285,1772837562115
JSON,3000,200,VideoService,883,2272,3196,290810285,1798619672,1772837562115
JSON,3000,200,MetadataService,903,2134,3106,290810285,759169024,1772837562116
JSON,3000,200,AudioService,0,2240,2269,290810285,290810285,1772837562116
JSON,3000,200,VideoService,868,2312,3221,290810285,1774059344,1772837562116
JSON,3000,200,MetadataService,918,2200,3185,290810285,770003872,1772837562116
JSON,3000,200,AudioService,0,2299,2327,290810285,290810285,1772837562116
JSON,3000,200,VideoService,878,2340,3259,290810285,1789488512,1772837562116
JSON,3000,200,MetadataService,905,2165,3138,290810285,763363328,1772837562116
JSON,3000,200,AudioService,0,2276,2305,290810285,290810285,1772837562116
JSON,3000,200,VideoService,873,2277,3192,290810285,1794290456,1772837562116
JSON,3000,200,MetadataService,905,2171,3145,290810285,764072496,1772837562116
JSON,3000,200,AudioService,0,2245,2274,290810285,290810285,1772837562116
JSON,3000,200,VideoService,876,2297,3213,290810285,1790836664,1772837562116
JSON,3000,200,MetadataService,902,2182,3152,290810285,759169024,1772837562116
JSON,3000,500,AudioService,0,5913,5980,727379420,847086536,1772837806892
JSON,3000,500,VideoService,2159,5797,8059,727379420,2941770368,1772837806892
JSON,3000,500,MetadataService,2161,5767,8015,727379420,3643123120,1772837806892
JSON,3000,500,AudioService,0,5890,5965,727379420,727379420,1772837806892
JSON,3000,500,VideoService,2169,5727,8000,727379420,2906532264,1772837806892
JSON,3000,500,MetadataService,2254,5604,7953,727379420,4668260352,1772837806892
JSON,3000,500,AudioService,0,5748,5815,727379420,727379420,1772837806892
JSON,3000,500,VideoService,2199,5684,7983,727379420,4533908384,1772837806892
JSON,3000,500,MetadataService,2158,5691,7938,727379420,4622123008,1772837806892
JSON,3000,500,AudioService,0,5748,5814,727379420,727379420,1772837806892
JSON,3000,500,VideoService,2223,5716,8040,727379420,4479385528,1772837806892
JSON,3000,500,MetadataService,2158,5685,7932,727379420,4647288832,1772837806892
JSON,3000,500,AudioService,0,5782,5846,727379420,727379420,1772837806892
JSON,3000,500,VideoService,2200,5691,7993,727379420,4487774056,1772837806892
JSON,3000,500,MetadataService,2161,5698,7952,727379420,4655677440,1772837806892
JSON,3000,500,AudioService,0,6099,6176,727379420,727379420,1772837806892
JSON,3000,500,VideoService,2237,5772,8110,727379420,4542431176,1772837806892
JSON,3000,500,MetadataService,2153,5678,7919,727379420,4651483136,1772837806892
JSON,3000,500,AudioService,0,5786,5850,727379420,727379420,1772837806892
JSON,3000,500,VideoService,2213,5713,8026,727379420,4492099528,1772837806892
JSON,3000,500,MetadataService,2161,5717,7969,727379420,4701814784,1772837806892
JSON,3000,500,AudioService,0,5899,5977,727379420,727379420,1772837806892
JSON,3000,500,VideoService,2226,5717,8044,727379420,4546625264,1772837806892
JSON,3000,500,MetadataService,2166,5673,7928,727379420,4609540096,1772837806892
JSON,3000,500,AudioService,0,5760,5824,727379420,727379420,1772837806892
JSON,3000,500,VideoService,2208,5674,7984,727379420,4559208392,1772837806892
JSON,3000,500,MetadataService,2151,5703,7944,727379420,4701814784,1772837806892
JSON,3000,500,AudioService,0,5716,5824,727379420,727379420,1772837806892
JSON,3000,500,VideoService,2246,5707,8054,727379420,4529717120,1772837806892
JSON,3000,500,MetadataService,2160,5718,7970,727379420,4722786304,1772837806892
JSON,3000,1000,AudioService,0,13467,13754,1454995346,1561549320,1772838509625
JSON,3000,1000,VideoService,7430,13931,22078,1454995346,5823698960,1772838509625
JSON,3000,1000,MetadataService,7964,15738,24434,1454995346,6276719232,1772838509625
JSON,3000,1000,AudioService,0,16749,16956,1454995346,1454995346,1772838509625
JSON,3000,1000,VideoService,6652,14668,21633,1454995346,6229885632,1772838509625
JSON,3000,1000,MetadataService,6582,16414,23822,1454995346,7283756064,1772838509625
JSON,3000,1000,AudioService,0,15378,15858,1454995346,2663383040,1772838509625
JSON,3000,1000,VideoService,7854,15958,24087,1454995346,5890577864,1772838509625
JSON,3000,1000,MetadataService,7075,18102,26090,1454995346,6324278848,1772838509625
JSON,3000,1000,AudioService,0,16794,17459,1454995346,146800640,1772838509625
JSON,3000,1000,VideoService,6488,15658,22447,1454995346,7138183768,1772838509625
JSON,3000,1000,MetadataService,6832,17247,24938,1454995346,7033332656,1772838509625
JSON,3000,1000,AudioService,0,15150,15497,1454995346,1454995346,1772838509625
JSON,3000,1000,VideoService,6708,14753,21869,1454995346,5821236352,1772838509625
JSON,3000,1000,MetadataService,7570,16721,24880,1454995346,6555300648,1772838509626
JSON,3000,1000,AudioService,0,16875,17850,1454995346,3539937920,1772838509626
JSON,3000,1000,VideoService,7179,19058,26560,1454995346,6966735624,1772838509626
JSON,3000,1000,MetadataService,7721,17851,26010,1454995346,5829948096,1772838509626
JSON,3000,1000,AudioService,0,13396,13602,1454995346,2441084928,1772838509626
JSON,3000,1000,VideoService,6529,14863,21696,1454995346,7277114576,1772838509626
JSON,3000,1000,MetadataService,7475,17444,25484,1454995346,6224213128,1772838509626
JSON,3000,1000,AudioService,0,15262,15621,1454995346,1454995346,1772838509626
JSON,3000,1000,VideoService,7271,14910,22567,1454995346,6190789672,1772838509626
JSON,3000,1000,MetadataService,6961,16512,23838,1454995346,7390229472,1772838509626
JSON,3000,1000,AudioService,0,12723,12869,1454995346,2348872096,1772838509626
JSON,3000,1000,VideoService,4825,12084,17147,1454995346,5913834360,1772838509626
JSON,3000,1000,MetadataService,6158,15107,21587,1454995346,6412959072,1772838509626
JSON,3000,1000,AudioService,0,15696,16117,1454995346,1454995346,1772838509626
JSON,3000,1000,VideoService,6279,13964,20565,1454995346,6446514048,1772838509627
JSON,3000,1000,MetadataService,7298,16188,23985,1454995346,6396313544,1772838509627
BSON,100,100,AudioService,0,69,69,3622047,20971520,1772838538833
BSON,100,100,VideoService,39,52,93,3622047,45565104,1772838538833
BSON,100,100,MetadataService,34,34,71,3622047,44941616,1772838538833
BSON,100,100,AudioService,0,25,25,3622047,18069968,1772838538833
BSON,100,100,VideoService,14,18,34,3622047,26850952,1772838538833
BSON,100,100,MetadataService,12,15,28,3622047,26156664,1772838538833
BSON,100,100,AudioService,0,17,17,3622047,18147832,1772838538833
BSON,100,100,VideoService,11,16,29,3622047,23455704,1772838538833
BSON,100,100,MetadataService,11,10,22,3622047,23373184,1772838538834
BSON,100,100,AudioService,0,16,16,3622047,4277152,1772838538834
BSON,100,100,VideoService,14,10,25,3622047,30159472,1772838538834
BSON,100,100,MetadataService,13,10,24,3622047,9582304,1772838538834
BSON,100,100,AudioService,0,11,11,3622047,12042232,1772838538834
BSON,100,100,VideoService,13,10,25,3622047,22952728,1772838538834
BSON,100,100,MetadataService,13,13,27,3622047,7550360,1772838538834
BSON,100,100,AudioService,0,17,18,3622047,3622047,1772838538834
BSON,100,100,VideoService,11,10,22,3622047,23314600,1772838538834
BSON,100,100,MetadataService,16,10,27,3622047,30286224,1772838538834
BSON,100,100,AudioService,0,13,14,3622047,17962800,1772838538834
BSON,100,100,VideoService,14,10,25,3622047,9989120,1772838538834
BSON,100,100,MetadataService,12,10,23,3622047,9450936,1772838538834
BSON,100,100,AudioService,0,12,13,3622047,17932176,1772838538834
BSON,100,100,VideoService,15,10,26,3622047,9509056,1772838538834
BSON,100,100,MetadataService,15,10,26,3622047,9264952,1772838538834
BSON,100,100,AudioService,0,13,13,3622047,17933888,1772838538834
BSON,100,100,VideoService,12,10,22,3622047,9499312,1772838538834
BSON,100,100,MetadataService,11,10,22,3622047,9475072,1772838538834
BSON,100,100,AudioService,0,10,10,3622047,17934208,1772838538834
BSON,100,100,VideoService,11,10,22,3622047,9484464,1772838538834
BSON,100,100,MetadataService,11,10,22,3622047,9335560,1772838538834
BSON,100,200,AudioService,0,26,27,7262047,7262047,1772838540505
BSON,100,200,VideoService,23,20,45,7262047,61773608,1772838540505
BSON,100,200,MetadataService,21,20,43,7262047,30781272,1772838540505
BSON,100,200,AudioService,0,20,21,7262047,35830040,1772838540505
BSON,100,200,VideoService,23,20,44,7262047,61548440,1772838540505
BSON,100,200,MetadataService,23,21,46,7262047,31143992,1772838540505
BSON,100,200,AudioService,0,21,22,7262047,7262047,1772838540505
BSON,100,200,VideoService,22,20,43,7262047,54516648,1772838540505
BSON,100,200,MetadataService,25,20,46,7262047,28544408,1772838540505
BSON,100,200,AudioService,0,20,21,7262047,36074912,1772838540505
BSON,100,200,VideoService,23,20,45,7262047,55204240,1772838540505
BSON,100,200,MetadataService,22,20,44,7262047,31443624,1772838540505
BSON,100,200,AudioService,0,21,22,7262047,35744600,1772838540505
BSON,100,200,VideoService,22,21,45,7262047,54930728,1772838540505
BSON,100,200,MetadataService,22,20,44,7262047,31813040,1772838540505
BSON,100,200,AudioService,0,20,22,7262047,7262047,1772838540505
BSON,100,200,VideoService,22,20,44,7262047,47572704,1772838540505
BSON,100,200,MetadataService,23,20,45,7262047,33282944,1772838540505
BSON,100,200,AudioService,0,20,22,7262047,36530680,1772838540505
BSON,100,200,VideoService,22,20,43,7262047,48085504,1772838540505
BSON,100,200,MetadataService,24,20,46,7262047,31124728,1772838540505
BSON,100,200,AudioService,0,21,22,7262047,37458832,1772838540505
BSON,100,200,VideoService,22,20,44,7262047,54268624,1772838540505
BSON,100,200,MetadataService,22,20,44,7262047,32129488,1772838540505
BSON,100,200,AudioService,0,21,22,7262047,35744816,1772838540505
BSON,100,200,VideoService,22,20,43,7262047,54230600,1772838540505
BSON,100,200,MetadataService,22,20,43,7262047,31103280,1772838540505
BSON,100,200,AudioService,0,20,22,7262047,7262047,1772838540505
BSON,100,200,VideoService,22,19,43,7262047,47244576,1772838540505
BSON,100,200,MetadataService,21,20,43,7262047,34465360,1772838540505
BSON,100,500,AudioService,0,53,57,18182047,89571672,1772838544256
BSON,100,500,VideoService,58,52,114,18182047,112017880,1772838544256
BSON,100,500,MetadataService,57,52,112,18182047,113817040,1772838544256
BSON,100,500,AudioService,0,54,57,18182047,90017680,1772838544256
BSON,100,500,VideoService,57,49,110,18182047,114635568,1772838544256
BSON,100,500,MetadataService,57,54,114,18182047,112953064,1772838544256
BSON,100,500,AudioService,0,55,59,18182047,90019920,1772838544256
BSON,100,500,VideoService,54,51,109,18182047,158960368,1772838544256
BSON,100,500,MetadataService,56,56,115,18182047,112954256,1772838544256
BSON,100,500,AudioService,0,58,61,18182047,89195064,1772838544256
BSON,100,500,VideoService,53,51,108,18182047,143753008,1772838544256
BSON,100,500,MetadataService,54,53,112,18182047,111551720,1772838544256
BSON,100,500,AudioService,0,55,58,18182047,89196080,1772838544256
BSON,100,500,VideoService,57,51,112,18182047,157485144,1772838544256
BSON,100,500,MetadataService,55,55,114,18182047,116543136,1772838544256
BSON,100,500,AudioService,0,53,57,18182047,89698848,1772838544256
BSON,100,500,VideoService,54,53,110,18182047,143535728,1772838544256
BSON,100,500,MetadataService,55,55,114,18182047,84756232,1772838544256
BSON,100,500,AudioService,0,52,55,18182047,90427032,1772838544256
BSON,100,500,VideoService,56,51,112,18182047,156948208,1772838544256
BSON,100,500,MetadataService,54,54,112,18182047,86402696,1772838544256
BSON,100,500,AudioService,0,50,53,18182047,89286528,1772838544256
BSON,100,500,VideoService,59,51,114,18182047,157913520,1772838544256
BSON,100,500,MetadataService,60,57,121,18182047,79510112,1772838544256
BSON,100,500,AudioService,0,54,58,18182047,89782480,1772838544256
BSON,100,500,VideoService,59,51,114,18182047,149460240,1772838544256
BSON,100,500,MetadataService,57,58,119,18182047,118425888,1772838544256
BSON,100,500,AudioService,0,58,61,18182047,90025472,1772838544256
BSON,100,500,VideoService,54,52,110,18182047,154535344,1772838544256
BSON,100,500,MetadataService,57,57,118,18182047,112954144,1772838544256
BSON,100,1000,AudioService,0,118,123,36382147,36382147,1772838551936
BSON,100,1000,VideoService,116,109,233,36382147,260503752,1772838551936
BSON,100,1000,MetadataService,120,110,237,36382147,260405296,1772838551936
BSON,100,1000,AudioService,0,113,120,36382147,179750608,1772838551936
BSON,100,1000,VideoService,116,105,228,36382147,248993192,1772838551936
BSON,100,1000,MetadataService,119,110,236,36382147,246392208,1772838551936
BSON,100,1000,AudioService,0,139,146,36382147,78511880,1772838551936
BSON,100,1000,VideoService,120,111,238,36382147,236235344,1772838551936
BSON,100,1000,MetadataService,125,117,249,36382147,260394344,1772838551936
BSON,100,1000,AudioService,0,138,145,36382147,71563328,1772838551936
BSON,100,1000,VideoService,117,131,256,36382147,200722264,1772838551936
BSON,100,1000,MetadataService,115,126,248,36382147,215689648,1772838551936
BSON,100,1000,AudioService,0,122,129,36382147,9460168,1772838551936
BSON,100,1000,VideoService,120,110,238,36382147,264557720,1772838551936
BSON,100,1000,MetadataService,118,126,250,36382147,273861624,1772838551936
BSON,100,1000,AudioService,0,123,129,36382147,36382147,1772838551936
BSON,100,1000,VideoService,119,114,240,36382147,242185024,1772838551936
BSON,100,1000,MetadataService,121,115,244,36382147,240604976,1772838551936
BSON,100,1000,AudioService,0,110,117,36382147,36382147,1772838551936
BSON,100,1000,VideoService,118,109,235,36382147,332003488,1772838551936
BSON,100,1000,MetadataService,117,111,236,36382147,226857600,1772838551936
BSON,100,1000,AudioService,0,116,123,36382147,4683400,1772838551936
BSON,100,1000,VideoService,118,107,232,36382147,215817216,1772838551936
BSON,100,1000,MetadataService,114,110,231,36382147,243783544,1772838551936
BSON,100,1000,AudioService,0,118,123,36382147,66542616,1772838551936
BSON,100,1000,VideoService,117,109,233,36382147,260532528,1772838551936
BSON,100,1000,MetadataService,112,121,239,36382147,219293704,1772838551936
BSON,100,1000,AudioService,0,126,133,36382147,28572064,1772838551936
BSON,100,1000,VideoService,117,109,233,36382147,233965456,1772838551936
BSON,100,1000,MetadataService,120,112,239,36382147,242354064,1772838551936
BSON,100,2000,AudioService,0,268,283,72982147,169267208,1772838567068
BSON,100,2000,VideoService,238,220,471,72982147,540463616,1772838567068
BSON,100,2000,MetadataService,251,224,488,72982147,527435648,1772838567068
BSON,100,2000,AudioService,0,267,282,72982147,134217728,1772838567068
BSON,100,2000,VideoService,235,217,466,72982147,464945280,1772838567068
BSON,100,2000,MetadataService,239,226,479,72982147,496547312,1772838567068
BSON,100,2000,AudioService,0,268,279,72982147,72982147,1772838567068
BSON,100,2000,VideoService,231,265,511,72982147,754320816,1772838567068
BSON,100,2000,MetadataService,225,260,497,72982147,432839928,1772838567068
BSON,100,2000,AudioService,0,238,250,72982147,135050832,1772838567068
BSON,100,2000,VideoService,219,251,484,72982147,423135688,1772838567068
BSON,100,2000,MetadataService,213,239,464,72982147,254393312,1772838567068
BSON,100,2000,AudioService,0,217,230,72982147,357956784,1772838567068
BSON,100,2000,VideoService,216,249,480,72982147,416789128,1772838567068
BSON,100,2000,MetadataService,219,230,461,72982147,469461952,1772838567068
BSON,100,2000,AudioService,0,226,242,72982147,358743312,1772838567068
BSON,100,2000,VideoService,212,238,466,72982147,544212864,1772838567068
BSON,100,2000,MetadataService,218,242,473,72982147,542959288,1772838567068
BSON,100,2000,AudioService,0,244,256,72982147,72982147,1772838567068
BSON,100,2000,VideoService,242,217,473,72982147,692014336,1772838567068
BSON,100,2000,MetadataService,240,224,478,72982147,507833232,1772838567068
BSON,100,2000,AudioService,0,264,274,72982147,72982147,1772838567068
BSON,100,2000,VideoService,237,258,510,72982147,404619448,1772838567068
BSON,100,2000,MetadataService,224,238,475,72982147,457171688,1772838567068
BSON,100,2000,AudioService,0,229,245,72982147,359004976,1772838567068
BSON,100,2000,VideoService,215,238,468,72982147,535824256,1772838567068
BSON,100,2000,MetadataService,219,238,469,72982147,534775208,1772838567068
BSON,100,2000,AudioService,0,264,274,72982147,72982147,1772838567068
BSON,100,2000,VideoService,245,217,476,72982147,720373632,1772838567068
BSON,100,2000,MetadataService,223,249,484,72982147,435291536,1772838567068
BSON,100,3000,AudioService,0,353,367,109582147,109582147,1772838589337
BSON,100,3000,VideoService,347,411,783,109582147,663382360,1772838589337
BSON,100,3000,MetadataService,320,367,705,109582147,644744560,1772838589337
BSON,100,3000,AudioService,0,350,367,109582147,241702872,1772838589337
BSON,100,3000,VideoService,328,364,714,109582147,628371120,1772838589337
BSON,100,3000,MetadataService,315,356,690,109582147,388641552,1772838589337
BSON,100,3000,AudioService,0,314,335,109582147,536608224,1772838589337
BSON,100,3000,VideoService,323,386,731,109582147,586535696,1772838589337
BSON,100,3000,MetadataService,321,343,682,109582147,644613984,1772838589337
BSON,100,3000,AudioService,0,341,365,109582147,538180256,1772838589337
BSON,100,3000,VideoService,327,348,697,109582147,651160184,1772838589337
BSON,100,3000,MetadataService,352,381,751,109582147,627310368,1772838589337
BSON,100,3000,AudioService,0,325,346,109582147,536608224,1772838589337
BSON,100,3000,VideoService,322,408,752,109582147,571932272,1772838589337
BSON,100,3000,MetadataService,314,349,681,109582147,420191296,1772838589337
BSON,100,3000,AudioService,0,338,352,109582147,109582147,1772838589337
BSON,100,3000,VideoService,324,372,719,109582147,614136072,1772838589337
BSON,100,3000,MetadataService,336,346,700,109582147,728500064,1772838589337
BSON,100,3000,AudioService,0,337,362,109582147,538180256,1772838589337
BSON,100,3000,VideoService,324,364,709,109582147,632917528,1772838589337
BSON,100,3000,MetadataService,323,353,694,109582147,396012416,1772838589337
BSON,100,3000,AudioService,0,308,328,109582147,536608224,1772838589337
BSON,100,3000,VideoService,319,389,729,109582147,595590952,1772838589337
BSON,100,3000,MetadataService,319,354,691,109582147,644744560,1772838589337
BSON,100,3000,AudioService,0,333,348,109582147,221422448,1772838589337
BSON,100,3000,VideoService,339,359,720,109582147,1105987424,1772838589337
BSON,100,3000,MetadataService,340,374,732,109582147,627497312,1772838589337
BSON,100,3000,AudioService,0,349,364,109582147,109582147,1772838589337
BSON,100,3000,VideoService,339,397,759,109582147,595590680,1772838589337
BSON,100,3000,MetadataService,321,359,698,109582147,427819008,1772838589337
BSON,200,100,AudioService,0,36,38,7244247,36306768,1772838591024
BSON,200,100,VideoService,22,21,45,7244247,39374720,1772838591024
BSON,200,100,MetadataService,22,21,45,7244247,27903144,1772838591024
BSON,200,100,AudioService,0,21,22,7244247,37563664,1772838591024
BSON,200,100,VideoService,26,20,47,7244247,43304272,1772838591024
BSON,200,100,MetadataService,24,20,46,7244247,28091088,1772838591024
BSON,200,100,AudioService,0,21,22,7244247,35768672,1772838591024
BSON,200,100,VideoService,23,21,46,7244247,55450848,1772838591024
BSON,200,100,MetadataService,23,22,47,7244247,30896600,1772838591024
BSON,200,100,AudioService,0,23,25,7244247,35745760,1772838591024
BSON,200,100,VideoService,22,20,44,7244247,54278264,1772838591024
BSON,200,100,MetadataService,22,20,44,7244247,31487464,1772838591024
BSON,200,100,AudioService,0,21,23,7244247,7244247,1772838591024
BSON,200,100,VideoService,22,20,44,7244247,47525208,1772838591024
BSON,200,100,MetadataService,22,22,45,7244247,31291688,1772838591024
BSON,200,100,AudioService,0,21,22,7244247,7244247,1772838591024
BSON,200,100,VideoService,22,20,44,7244247,47312408,1772838591024
BSON,200,100,MetadataService,23,20,46,7244247,32064344,1772838591024
BSON,200,100,AudioService,0,20,22,7244247,37486560,1772838591024
BSON,200,100,VideoService,22,20,44,7244247,47103408,1772838591024
BSON,200,100,MetadataService,23,20,46,7244247,31076688,1772838591024
BSON,200,100,AudioService,0,22,24,7244247,35996392,1772838591024
BSON,200,100,VideoService,22,21,45,7244247,54464224,1772838591024
BSON,200,100,MetadataService,22,21,45,7244247,31538296,1772838591024
BSON,200,100,AudioService,0,22,23,7244247,7244247,1772838591024
BSON,200,100,VideoService,23,20,45,7244247,47535264,1772838591024
BSON,200,100,MetadataService,22,21,45,7244247,32847184,1772838591024
BSON,200,100,AudioService,0,21,23,7244247,7244247,1772838591024
BSON,200,100,VideoService,22,21,44,7244247,47963744,1772838591024
BSON,200,100,MetadataService,23,21,45,7244247,32693792,1772838591024
BSON,200,200,AudioService,0,47,50,14524247,14524247,1772838594253
BSON,200,200,VideoService,48,41,92,14524247,87377400,1772838594253
BSON,200,200,MetadataService,47,42,92,14524247,54507472,1772838594253
BSON,200,200,AudioService,0,45,47,14524247,75103696,1772838594253
BSON,200,200,VideoService,45,43,92,14524247,115652688,1772838594253
BSON,200,200,MetadataService,45,42,90,14524247,85540776,1772838594253
BSON,200,200,AudioService,0,46,48,14524247,71723048,1772838594253
BSON,200,200,VideoService,44,43,90,14524247,116745408,1772838594253
BSON,200,200,MetadataService,46,42,91,14524247,86663808,1772838594253
BSON,200,200,AudioService,0,46,49,14524247,71819584,1772838594253
BSON,200,200,VideoService,45,43,91,14524247,115440944,1772838594253
BSON,200,200,MetadataService,46,43,92,14524247,87279496,1772838594253
BSON,200,200,AudioService,0,47,49,14524247,71556944,1772838594253
BSON,200,200,VideoService,45,43,92,14524247,122769944,1772838594253
BSON,200,200,MetadataService,46,42,92,14524247,87209432,1772838594253
BSON,200,200,AudioService,0,46,49,14524247,71556952,1772838594253
BSON,200,200,VideoService,46,44,93,14524247,123129176,1772838594253
BSON,200,200,MetadataService,46,43,92,14524247,86394024,1772838594253
BSON,200,200,AudioService,0,46,49,14524247,71556952,1772838594253
BSON,200,200,VideoService,46,44,93,14524247,123360192,1772838594253
BSON,200,200,MetadataService,46,42,92,14524247,87195928,1772838594253
BSON,200,200,AudioService,0,47,49,14524247,71556952,1772838594253
BSON,200,200,VideoService,47,45,96,14524247,123126160,1772838594253
BSON,200,200,MetadataService,47,44,94,14524247,86393464,1772838594253
BSON,200,200,AudioService,0,46,49,14524247,71556952,1772838594253
BSON,200,200,VideoService,47,45,95,14524247,122001664,1772838594253
BSON,200,200,MetadataService,46,44,93,14524247,86482216,1772838594253
BSON,200,200,AudioService,0,46,49,14524247,71425352,1772838594253
BSON,200,200,VideoService,46,44,94,14524247,122761952,1772838594253
BSON,200,200,MetadataService,46,43,92,14524247,87275632,1772838594253
BSON,200,500,AudioService,0,114,121,36364247,36364247,1772838601704
BSON,200,500,VideoService,114,105,227,36364247,240486552,1772838601704
BSON,200,500,MetadataService,118,109,235,36364247,242222976,1772838601704
BSON,200,500,AudioService,0,114,121,36364247,180353536,1772838601704
BSON,200,500,VideoService,115,109,232,36364247,218577536,1772838601704
BSON,200,500,MetadataService,119,110,236,36364247,229308992,1772838601704
BSON,200,500,AudioService,0,116,123,36364247,178593264,1772838601704
BSON,200,500,VideoService,115,106,229,36364247,219752864,1772838601704
BSON,200,500,MetadataService,116,110,233,36364247,217057152,1772838601704
BSON,200,500,AudioService,0,130,137,36364247,70583936,1772838601704
BSON,200,500,VideoService,115,109,231,36364247,215440144,1772838601704
BSON,200,500,MetadataService,118,110,235,36364247,226568008,1772838601704
BSON,200,500,AudioService,0,128,135,36364247,71303168,1772838601704
BSON,200,500,VideoService,116,109,232,36364247,216253512,1772838601704
BSON,200,500,MetadataService,121,111,239,36364247,342641968,1772838601704
BSON,200,500,AudioService,0,113,119,36364247,36364247,1772838601704
BSON,200,500,VideoService,117,109,234,36364247,214408832,1772838601704
BSON,200,500,MetadataService,118,111,237,36364247,227840704,1772838601704
BSON,200,500,AudioService,0,117,123,36364247,180275416,1772838601704
BSON,200,500,VideoService,111,108,227,36364247,308295888,1772838601704
BSON,200,500,MetadataService,110,109,226,36364247,222598480,1772838601704
BSON,200,500,AudioService,0,116,123,36364247,180222448,1772838601704
BSON,200,500,VideoService,115,106,228,36364247,217556832,1772838601704
BSON,200,500,MetadataService,118,111,236,36364247,233834368,1772838601704
BSON,200,500,AudioService,0,113,120,36364247,180353536,1772838601704
BSON,200,500,VideoService,114,107,229,36364247,219431360,1772838601704
BSON,200,500,MetadataService,116,109,232,36364247,235095416,1772838601704
BSON,200,500,AudioService,0,113,119,36364247,2745384,1772838601704
BSON,200,500,VideoService,113,104,225,36364247,219607184,1772838601704
BSON,200,500,MetadataService,113,109,229,36364247,237793384,1772838601704
BSON,200,1000,AudioService,0,219,233,72764447,357956784,1772838616584
BSON,200,1000,VideoService,230,213,457,72764447,552076608,1772838616584
BSON,200,1000,MetadataService,217,237,467,72764447,551232976,1772838616584
BSON,200,1000,AudioService,0,266,277,72764447,72764447,1772838616584
BSON,200,1000,VideoService,233,239,487,72764447,731061952,1772838616584
BSON,200,1000,MetadataService,227,247,486,72764447,429823504,1772838616584
BSON,200,1000,AudioService,0,252,265,72764447,72764447,1772838616584
BSON,200,1000,VideoService,242,216,472,72764447,694682944,1772838616584
BSON,200,1000,MetadataService,238,223,476,72764447,529650016,1772838616584
BSON,200,1000,AudioService,0,263,273,72764447,72764447,1772838616584
BSON,200,1000,VideoService,235,218,468,72764447,543688000,1772838616584
BSON,200,1000,MetadataService,251,223,488,72764447,728237376,1772838616584
BSON,200,1000,AudioService,0,211,224,72764447,72764447,1772838616584
BSON,200,1000,VideoService,231,215,460,72764447,512467576,1772838616584
BSON,200,1000,MetadataService,235,220,469,72764447,535299392,1772838616584
BSON,200,1000,AudioService,0,262,272,72764447,72764447,1772838616584
BSON,200,1000,VideoService,243,220,478,72764447,728237376,1772838616584
BSON,200,1000,MetadataService,222,243,477,72764447,438238096,1772838616584
BSON,200,1000,AudioService,0,251,264,72764447,72764447,1772838616584
BSON,200,1000,VideoService,241,217,472,72764447,699767904,1772838616584
BSON,200,1000,MetadataService,238,222,475,72764447,523988208,1772838616584
BSON,200,1000,AudioService,0,263,273,72764447,72764447,1772838616584
BSON,200,1000,VideoService,234,215,463,72764447,543688000,1772838616584
BSON,200,1000,MetadataService,264,223,501,72764447,726281664,1772838616584
BSON,200,1000,AudioService,0,217,230,72764447,72764447,1772838616584
BSON,200,1000,VideoService,229,210,453,72764447,510133568,1772838616584
BSON,200,1000,MetadataService,232,220,466,72764447,521072336,1772838616584
BSON,200,1000,AudioService,0,262,272,72764447,72764447,1772838616584
BSON,200,1000,VideoService,244,214,472,72764447,726198624,1772838616584
BSON,200,1000,MetadataService,218,241,471,72764447,543688000,1772838616584
BSON,200,2000,AudioService,0,546,568,145964447,338948584,1772838646482
BSON,200,2000,VideoService,525,477,1031,145964447,1435963880,1772838646482
BSON,200,2000,MetadataService,453,593,1072,145964447,780139896,1772838646482
BSON,200,2000,AudioService,0,450,470,145964447,389646160,1772838646482
BSON,200,2000,VideoService,439,513,981,145964447,1507386712,1772838646482
BSON,200,2000,MetadataService,441,513,977,145964447,809500024,1772838646482
BSON,200,2000,AudioService,0,461,482,145964447,382091880,1772838646482
BSON,200,2000,VideoService,450,511,990,145964447,1499858736,1772838646482
BSON,200,2000,MetadataService,446,513,983,145964447,796917704,1772838646482
BSON,200,2000,AudioService,0,431,456,145964447,36743040,1772838646482
BSON,200,2000,VideoService,464,420,911,145964447,1038485296,1772838646482
BSON,200,2000,MetadataService,485,483,995,145964447,1457915696,1772838646482
BSON,200,2000,AudioService,0,428,454,145964447,717356048,1772838646482
BSON,200,2000,VideoService,436,467,931,145964447,849872192,1772838646482
BSON,200,2000,MetadataService,438,494,956,145964447,858260800,1772838646482
BSON,200,2000,AudioService,0,478,502,145964447,145964447,1772838646482
BSON,200,2000,VideoService,502,430,959,145964447,1411778352,1772838646482
BSON,200,2000,MetadataService,467,494,985,145964447,853179648,1772838646482
BSON,200,2000,AudioService,0,491,514,145964447,145964447,1772838646482
BSON,200,2000,VideoService,475,434,937,145964447,1059456816,1772838646482
BSON,200,2000,MetadataService,477,486,987,145964447,1453721392,1772838646482
BSON,200,2000,AudioService,0,427,453,145964447,717356048,1772838646482
BSON,200,2000,VideoService,440,466,934,145964447,852950880,1772838646482
BSON,200,2000,MetadataService,430,485,938,145964447,862455104,1772838646482
BSON,200,2000,AudioService,0,484,509,145964447,145964447,1772838646482
BSON,200,2000,VideoService,494,424,945,145964447,1415972656,1772838646482
BSON,200,2000,MetadataService,466,495,985,145964447,861451424,1772838646482
BSON,200,2000,AudioService,0,492,516,145964447,145964447,1772838646482
BSON,200,2000,VideoService,472,429,929,145964447,1034290992,1772838646482
BSON,200,2000,MetadataService,482,488,994,145964447,1453721392,1772838646482
BSON,200,3000,AudioService,0,776,807,219164447,219164447,1772838690631
BSON,200,3000,VideoService,690,831,1566,219164447,1132234928,1772838690631
BSON,200,3000,MetadataService,661,688,1384,219164447,1390282480,1772838690631
BSON,200,3000,AudioService,0,746,777,219164447,219164447,1772838690631
BSON,200,3000,VideoService,657,692,1394,219164447,1264715024,1772838690631
BSON,200,3000,MetadataService,630,728,1392,219164447,2220754672,1772838690631
BSON,200,3000,AudioService,0,613,652,219164447,1073741824,1772838690631
BSON,200,3000,VideoService,656,713,1411,219164447,1260520720,1772838690631
BSON,200,3000,MetadataService,650,717,1402,219164447,1252001024,1772838690631
BSON,200,3000,AudioService,0,736,771,219164447,219164447,1772838690631
BSON,200,3000,VideoService,748,633,1421,219164447,1604191984,1772838690631
BSON,200,3000,MetadataService,664,726,1425,219164447,1268778240,1772838690631
BSON,200,3000,AudioService,0,729,766,219164447,219164447,1772838690631
BSON,200,3000,VideoService,732,637,1409,219164447,1268778240,1772838690631
BSON,200,3000,MetadataService,736,765,1535,219164447,1717438192,1772838690631
BSON,200,3000,AudioService,0,681,707,219164447,219164447,1772838690631
BSON,200,3000,VideoService,656,737,1436,219164447,1190494352,1772838690631
BSON,200,3000,MetadataService,710,687,1432,219164447,1960707824,1772838690631
BSON,200,3000,AudioService,0,626,665,219164447,1071512304,1772838690631
BSON,200,3000,VideoService,639,794,1477,219164447,1178599208,1772838690631
BSON,200,3000,MetadataService,679,700,1413,219164447,1771964144,1772838690631
BSON,200,3000,AudioService,0,649,685,219164447,219164447,1772838690631
BSON,200,3000,VideoService,648,715,1405,219164447,1253975816,1772838690631
BSON,200,3000,MetadataService,725,699,1459,219164447,1952319216,1772838690631
BSON,200,3000,AudioService,0,628,668,219164447,1071512304,1772838690631
BSON,200,3000,VideoService,630,793,1466,219164447,1163920872,1772838690631
BSON,200,3000,MetadataService,689,697,1421,219164447,1763575536,1772838690631
BSON,200,3000,AudioService,0,644,680,219164447,219164447,1772838690631
BSON,200,3000,VideoService,648,726,1417,219164447,1256195328,1772838690631
BSON,200,3000,MetadataService,683,743,1461,219164447,1260389632,1772838690631
BSON,500,100,AudioService,0,55,59,18110847,89520304,1772838694452
BSON,500,100,VideoService,58,54,116,18110847,136347264,1772838694452
BSON,500,100,MetadataService,56,55,114,18110847,83642536,1772838694452
BSON,500,100,AudioService,0,55,58,18110847,89431520,1772838694452
BSON,500,100,VideoService,60,54,118,18110847,111673408,1772838694452
BSON,500,100,MetadataService,59,56,119,18110847,115322856,1772838694452
BSON,500,100,AudioService,0,57,60,18110847,10997968,1772838694452
BSON,500,100,VideoService,59,54,116,18110847,158823872,1772838694452
BSON,500,100,MetadataService,57,55,115,18110847,112820744,1772838694452
BSON,500,100,AudioService,0,57,60,18110847,18110847,1772838694452
BSON,500,100,VideoService,59,54,118,18110847,157384816,1772838694452
BSON,500,100,MetadataService,55,55,114,18110847,88137920,1772838694452
BSON,500,100,AudioService,0,54,57,18110847,89547040,1772838694452
BSON,500,100,VideoService,56,53,113,18110847,157217536,1772838694452
BSON,500,100,MetadataService,58,54,116,18110847,77715048,1772838694452
BSON,500,100,AudioService,0,54,58,18110847,89913568,1772838694452
BSON,500,100,VideoService,55,52,112,18110847,150823280,1772838694452
BSON,500,100,MetadataService,56,54,114,18110847,117519192,1772838694452
BSON,500,100,AudioService,0,58,61,18110847,90286328,1772838694452
BSON,500,100,VideoService,55,54,113,18110847,154129040,1772838694452
BSON,500,100,MetadataService,58,54,116,18110847,115794304,1772838694452
BSON,500,100,AudioService,0,58,62,18110847,89827728,1772838694452
BSON,500,100,VideoService,58,58,120,18110847,143030192,1772838694452
BSON,500,100,MetadataService,58,55,117,18110847,113826128,1772838694452
BSON,500,100,AudioService,0,58,62,18110847,89828360,1772838694452
BSON,500,100,VideoService,55,58,117,18110847,144065008,1772838694452
BSON,500,100,MetadataService,56,55,115,18110847,83886080,1772838694452
BSON,500,100,AudioService,0,54,57,18110847,89232168,1772838694452
BSON,500,100,VideoService,59,53,115,18110847,157434352,1772838694452
BSON,500,100,MetadataService,54,56,114,18110847,87244480,1772838694452
BSON,500,200,AudioService,0,110,118,36310847,179099544,1772838701862
BSON,500,200,VideoService,118,110,236,36310847,239465536,1772838701862
BSON,500,200,MetadataService,116,110,233,36310847,237922816,1772838701862
BSON,500,200,AudioService,0,113,119,36310847,36310847,1772838701862
BSON,500,200,VideoService,113,104,225,36310847,218494984,1772838701862
BSON,500,200,MetadataService,114,109,230,36310847,256463152,1772838701862
BSON,500,200,AudioService,0,116,124,36310847,179745880,1772838701862
BSON,500,200,VideoService,115,106,229,36310847,228026048,1772838701862
BSON,500,200,MetadataService,119,110,236,36310847,226828024,1772838701862
BSON,500,200,AudioService,0,114,122,36310847,180353536,1772838701862
BSON,500,200,VideoService,114,105,226,36310847,226832896,1772838701862
BSON,500,200,MetadataService,117,109,233,36310847,229347824,1772838701862
BSON,500,200,AudioService,0,114,121,36310847,3995680,1772838701862
BSON,500,200,VideoService,114,105,226,36310847,213459728,1772838701862
BSON,500,200,MetadataService,114,110,231,36310847,253733792,1772838701862
BSON,500,200,AudioService,0,117,126,36310847,179615232,1772838701862
BSON,500,200,VideoService,119,111,237,36310847,225576848,1772838701862
BSON,500,200,MetadataService,119,112,237,36310847,226828256,1772838701862
BSON,500,200,AudioService,0,118,124,36310847,4359440,1772838701862
BSON,500,200,VideoService,115,107,229,36310847,218377080,1772838701862
BSON,500,200,MetadataService,120,110,237,36310847,226815752,1772838701862
BSON,500,200,AudioService,0,115,123,36310847,180353536,1772838701862
BSON,500,200,VideoService,116,107,231,36310847,217319328,1772838701862
BSON,500,200,MetadataService,117,109,233,36310847,229402856,1772838701862
BSON,500,200,AudioService,0,116,123,36310847,6436512,1772838701862
BSON,500,200,VideoService,110,106,224,36310847,313513888,1772838701862
BSON,500,200,MetadataService,111,109,227,36310847,218650128,1772838701862
BSON,500,200,AudioService,0,116,124,36310847,180353536,1772838701862
BSON,500,200,VideoService,114,105,227,36310847,211443328,1772838701862
BSON,500,200,MetadataService,118,110,235,36310847,245179904,1772838701862
BSON,500,500,AudioService,0,285,298,90910847,34067960,1772838720380
BSON,500,500,VideoService,274,302,594,90910847,536690648,1772838720380
BSON,500,500,MetadataService,286,301,603,90910847,539099920,1772838720380
BSON,500,500,AudioService,0,276,296,90910847,445643392,1772838720380
BSON,500,500,VideoService,272,299,589,90910847,534418288,1772838720380
BSON,500,500,MetadataService,272,299,586,90910847,539099920,1772838720380
BSON,500,500,AudioService,0,299,318,90910847,93321856,1772838720380
BSON,500,500,VideoService,290,266,574,90910847,634125880,1772838720380
BSON,500,500,MetadataService,299,278,594,90910847,662947584,1772838720380
BSON,500,500,AudioService,0,329,342,90910847,90910847,1772838720380
BSON,500,500,VideoService,287,300,605,90910847,530711312,1772838720380
BSON,500,500,MetadataService,286,305,606,90910847,539099920,1772838720380
BSON,500,500,AudioService,0,320,336,90910847,90910847,1772838720380
BSON,500,500,VideoService,290,272,580,90910847,662154656,1772838720380
BSON,500,500,MetadataService,292,307,614,90910847,911810208,1772838720380
BSON,500,500,AudioService,0,258,275,90910847,445643904,1772838720380
BSON,500,500,VideoService,272,284,573,90910847,524419088,1772838720380
BSON,500,500,MetadataService,270,300,586,90910847,534711872,1772838720380
BSON,500,500,AudioService,0,310,326,90910847,90910847,1772838720380
BSON,500,500,VideoService,303,273,593,90910847,864916832,1772838720380
BSON,500,500,MetadataService,281,297,593,90910847,540699472,1772838720380
BSON,500,500,AudioService,0,308,323,90910847,90910847,1772838720380
BSON,500,500,VideoService,293,268,579,90910847,631060968,1772838720380
BSON,500,500,MetadataService,313,281,612,90910847,899678976,1772838720380
BSON,500,500,AudioService,0,263,280,90910847,445643904,1772838720380
BSON,500,500,VideoService,274,289,581,90910847,530711312,1772838720380
BSON,500,500,MetadataService,273,300,588,90910847,534717696,1772838720380
BSON,500,500,AudioService,0,310,325,90910847,90910847,1772838720380
BSON,500,500,VideoService,306,265,588,90910847,877168672,1772838720380
BSON,500,500,MetadataService,283,305,604,90910847,541085192,1772838720380
BSON,500,1000,AudioService,0,709,736,181911347,110552600,1772838757706
BSON,500,1000,VideoService,554,750,1342,181911347,1605055792,1772838757706
BSON,500,1000,MetadataService,553,689,1272,181911347,968020136,1772838757706
BSON,500,1000,AudioService,0,552,577,181911347,478829616,1772838757706
BSON,500,1000,VideoService,540,652,1228,181911347,1871316560,1772838757706
BSON,500,1000,MetadataService,548,637,1214,181911347,995440872,1772838757706
BSON,500,1000,AudioService,0,585,606,181911347,181911347,1772838757706
BSON,500,1000,VideoService,555,613,1204,181911347,1057752160,1772838757706
BSON,500,1000,MetadataService,595,621,1245,181911347,1829373520,1772838757706
BSON,500,1000,AudioService,0,562,583,181911347,181911347,1772838757706
BSON,500,1000,VideoService,557,612,1205,181911347,1005242216,1772838757706
BSON,500,1000,MetadataService,595,569,1193,181911347,1623852624,1772838757706
BSON,500,1000,AudioService,0,532,563,181911347,181911347,1772838757706
BSON,500,1000,VideoService,541,625,1202,181911347,967341752,1772838757706
BSON,500,1000,MetadataService,582,573,1184,181911347,1502217808,1772838757706
BSON,500,1000,AudioService,0,547,575,181911347,181911347,1772838757706
BSON,500,1000,VideoService,535,639,1210,181911347,989767488,1772838757706
BSON,500,1000,MetadataService,575,582,1185,181911347,1456080464,1772838757706
BSON,500,1000,AudioService,0,591,616,181911347,181911347,1772838757706
BSON,500,1000,VideoService,552,634,1222,181911347,993918688,1772838757706
BSON,500,1000,MetadataService,608,577,1214,181911347,1628046928,1772838757706
BSON,500,1000,AudioService,0,540,571,181911347,181911347,1772838757706
BSON,500,1000,VideoService,547,628,1212,181911347,994049992,1772838757706
BSON,500,1000,MetadataService,573,568,1172,181911347,1460274768,1772838757706
BSON,500,1000,AudioService,0,548,574,181911347,181911347,1772838757706
BSON,500,1000,VideoService,539,624,1198,181911347,1006501664,1772838757706
BSON,500,1000,MetadataService,620,576,1225,181911347,1615464016,1772838757706
BSON,500,1000,AudioService,0,543,574,181911347,181911347,1772838757706
BSON,500,1000,VideoService,536,629,1200,181911347,981378680,1772838757706
BSON,500,1000,MetadataService,557,586,1171,181911347,1456080464,1772838757706
BSON,500,2000,AudioService,0,1374,1428,364911347,63045944,1772838831511
BSON,500,2000,VideoService,1094,1381,2550,364911347,2072683656,1772838831511
BSON,500,2000,MetadataService,1072,1154,2286,364911347,1866465280,1772838831511
BSON,500,2000,AudioService,0,1048,1114,364911347,1789131040,1772838831511
BSON,500,2000,VideoService,1076,1363,2511,364911347,2063901464,1772838831511
BSON,500,2000,MetadataService,1166,1163,2387,364911347,3079275600,1772838831511
BSON,500,2000,AudioService,0,1147,1197,364911347,364911347,1772838831511
BSON,500,2000,VideoService,1087,1275,2432,364911347,1891625392,1772838831511
BSON,500,2000,MetadataService,1171,1148,2375,364911347,2949252176,1772838831511
BSON,500,2000,AudioService,0,1060,1128,364911347,1788607200,1772838831511
BSON,500,2000,VideoService,1072,1234,2376,364911347,1920946136,1772838831511
BSON,500,2000,MetadataService,1142,1159,2358,364911347,2919892048,1772838831511
BSON,500,2000,AudioService,0,1062,1133,364911347,1788607200,1772838831511
BSON,500,2000,VideoService,1086,1231,2388,364911347,1975517128,1772838831511
BSON,500,2000,MetadataService,1223,1141,2421,364911347,3268019280,1772838831511
BSON,500,2000,AudioService,0,1126,1183,364911347,364911347,1772838831511
BSON,500,2000,VideoService,1060,1288,2425,364911347,1872397496,1772838831511
BSON,500,2000,MetadataService,1174,1161,2395,364911347,2982806608,1772838831511
BSON,500,2000,AudioService,0,1168,1212,364911347,364911347,1772838831511
BSON,500,2000,VideoService,1062,1283,2416,364911347,1891117728,1772838831511
BSON,500,2000,MetadataService,1163,1167,2387,364911347,2957640784,1772838831511
BSON,500,2000,AudioService,0,1053,1121,364911347,1788607200,1772838831511
BSON,500,2000,VideoService,1073,1240,2384,364911347,1954545608,1772838831511
BSON,500,2000,MetadataService,1239,1131,2428,364911347,3263824976,1772838831511
BSON,500,2000,AudioService,0,1124,1188,364911347,364911347,1772838831511
BSON,500,2000,VideoService,1059,1296,2425,364911347,1887436744,1772838831511
BSON,500,2000,MetadataService,1170,1156,2383,364911347,2957640784,1772838831511
BSON,500,2000,AudioService,0,1073,1142,364911347,1788607200,1772838831511
BSON,500,2000,VideoService,1093,1230,2393,364911347,1925185480,1772838831511
BSON,500,2000,MetadataService,1183,1167,2407,364911347,3083469904,1772838831511
BSON,500,3000,AudioService,0,1998,2074,547911347,547911347,1772838943447
BSON,500,3000,VideoService,1767,2099,3979,547911347,2755172512,1772838943447
BSON,500,3000,MetadataService,1725,1737,3548,547911347,3291612560,1772838943447
BSON,500,3000,AudioService,0,2062,2151,547911347,547911347,1772838943447
BSON,500,3000,VideoService,1683,1793,3579,547911347,3090285968,1772838943447
BSON,500,3000,MetadataService,1670,1834,3590,547911347,3065250720,1772838943447
BSON,500,3000,AudioService,0,1678,1755,547911347,1275654056,1772838943447
BSON,500,3000,VideoService,1600,1933,3638,547911347,2810183624,1772838943448
BSON,500,3000,MetadataService,1645,1734,3462,547911347,3274835344,1772838943448
BSON,500,3000,AudioService,0,2155,2244,547911347,547911347,1772838943448
BSON,500,3000,VideoService,1629,1784,3515,547911347,3086091664,1772838943448
BSON,500,3000,MetadataService,1642,1773,3499,547911347,3044410288,1772838943448
BSON,500,3000,AudioService,0,1683,1760,547911347,1052135376,1772838943448
BSON,500,3000,VideoService,1628,1884,3616,547911347,2860515216,1772838943448
BSON,500,3000,MetadataService,1715,1741,3544,547911347,3077964720,1772838943448
BSON,500,3000,AudioService,0,1953,2039,547911347,547911347,1772838943448
BSON,500,3000,VideoService,1598,1989,3691,547911347,2785017800,1772838943448
BSON,500,3000,MetadataService,1674,1751,3509,547911347,3304195472,1772838943448
BSON,500,3000,AudioService,0,2032,2121,547911347,547911347,1772838943448
BSON,500,3000,VideoService,1649,1747,3496,547911347,3123840400,1772838943448
BSON,500,3000,MetadataService,1638,1776,3499,547911347,3073508752,1772838943448
BSON,500,3000,AudioService,0,1672,1750,547911347,1023230208,1772838943448
BSON,500,3000,VideoService,1637,1881,3622,547911347,2852126664,1772838943448
BSON,500,3000,MetadataService,1705,1726,3518,547911347,3585213840,1772838943448
BSON,500,3000,AudioService,0,2010,2096,547911347,547911347,1772838943448
BSON,500,3000,VideoService,1646,1760,3508,547911347,3186754960,1772838943448
BSON,500,3000,MetadataService,1670,1777,3532,547911347,3086091664,1772838943448
BSON,500,3000,AudioService,0,1683,1761,547911347,1031615560,1772838943448
BSON,500,3000,VideoService,1636,1886,3627,547911347,2839543696,1772838943448
BSON,500,3000,MetadataService,1649,1780,3513,547911347,3241280912,1772838943448
BSON,1000,100,AudioService,0,121,128,36221848,179698608,1772838950730
BSON,1000,100,VideoService,111,122,242,36221848,245209368,1772838950730
BSON,1000,100,MetadataService,113,112,232,36221848,232267280,1772838950730
BSON,1000,100,AudioService,0,103,111,36221848,36221848,1772838950730
BSON,1000,100,VideoService,114,109,231,36221848,321407584,1772838950730
BSON,1000,100,MetadataService,113,110,230,36221848,222875088,1772838950730
BSON,1000,100,AudioService,0,126,130,36221848,36221848,1772838950730
BSON,1000,100,VideoService,118,111,236,36221848,349762992,1772838950730
BSON,1000,100,MetadataService,115,110,233,36221848,244345304,1772838950730
BSON,1000,100,AudioService,0,101,107,36221848,36221848,1772838950730
BSON,1000,100,VideoService,112,102,222,36221848,318833184,1772838950730
BSON,1000,100,MetadataService,112,114,234,36221848,316218128,1772838950730
BSON,1000,100,AudioService,0,99,106,36221848,179069296,1772838950730
BSON,1000,100,VideoService,117,105,229,36221848,328789024,1772838950730
BSON,1000,100,MetadataService,116,107,231,36221848,226757640,1772838950730
BSON,1000,100,AudioService,0,131,135,36221848,36221848,1772838950730
BSON,1000,100,VideoService,118,113,239,36221848,341204560,1772838950730
BSON,1000,100,MetadataService,114,108,229,36221848,245764720,1772838950730
BSON,1000,100,AudioService,0,101,107,36221848,36221848,1772838950730
BSON,1000,100,VideoService,116,104,227,36221848,325539504,1772838950730
BSON,1000,100,MetadataService,114,117,238,36221848,221512096,1772838950730
BSON,1000,100,AudioService,0,103,108,36221848,19776688,1772838950730
BSON,1000,100,VideoService,116,102,226,36221848,332336720,1772838950730
BSON,1000,100,MetadataService,115,112,234,36221848,241496888,1772838950730
BSON,1000,100,AudioService,0,101,108,36221848,36221848,1772838950730
BSON,1000,100,VideoService,112,103,223,36221848,325976368,1772838950730
BSON,1000,100,MetadataService,115,114,236,36221848,226729160,1772838950730
BSON,1000,100,AudioService,0,126,130,36221848,36221848,1772838950730
BSON,1000,100,VideoService,119,109,236,36221848,351703472,1772838950730
BSON,1000,100,MetadataService,114,108,229,36221848,237304048,1772838950730
BSON,1000,200,AudioService,0,228,238,72621848,72621848,1772838965492
BSON,1000,200,VideoService,222,271,508,72621848,478341560,1772838965492
BSON,1000,200,MetadataService,218,238,467,72621848,426509664,1772838965492
BSON,1000,200,AudioService,0,221,234,72621848,358381936,1772838965492
BSON,1000,200,VideoService,220,242,476,72621848,431204768,1772838965492
BSON,1000,200,MetadataService,215,245,472,72621848,434032944,1772838965492
BSON,1000,200,AudioService,0,249,262,72621848,74578832,1772838965492
BSON,1000,200,VideoService,234,212,460,72621848,510265168,1772838965492
BSON,1000,200,MetadataService,232,226,471,72621848,526285296,1772838965492
BSON,1000,200,AudioService,0,256,267,72621848,72621848,1772838965492
BSON,1000,200,VideoService,228,236,478,72621848,728368976,1772838965492
BSON,1000,200,MetadataService,217,244,473,72621848,429957776,1772838965492
BSON,1000,200,AudioService,0,251,263,72621848,72621848,1772838965492
BSON,1000,200,VideoService,240,221,476,72621848,692265616,1772838965492
BSON,1000,200,MetadataService,233,212,459,72621848,529786776,1772838965492
BSON,1000,200,AudioService,0,262,272,72621848,72621848,1772838965492
BSON,1000,200,VideoService,243,213,470,72621848,540426560,1772838965492
BSON,1000,200,MetadataService,244,225,483,72621848,724744152,1772838965492
BSON,1000,200,AudioService,0,208,221,72621848,72621848,1772838965492
BSON,1000,200,VideoService,235,209,458,72621848,512599656,1772838965492
BSON,1000,200,MetadataService,237,226,476,72621848,534583328,1772838965492
BSON,1000,200,AudioService,0,256,265,72621848,72621848,1772838965492
BSON,1000,200,VideoService,225,240,478,72621848,728368976,1772838965492
BSON,1000,200,MetadataService,223,239,474,72621848,431548208,1772838965492
BSON,1000,200,AudioService,0,246,258,72621848,72621848,1772838965492
BSON,1000,200,VideoService,241,225,481,72621848,694814544,1772838965492
BSON,1000,200,MetadataService,236,219,469,72621848,529786544,1772838965492
BSON,1000,200,AudioService,0,261,271,72621848,72621848,1772838965492
BSON,1000,200,VideoService,233,215,465,72621848,542924200,1772838965492
BSON,1000,200,MetadataService,242,219,475,72621848,724632528,1772838965492
BSON,1000,500,AudioService,0,655,679,181821848,181821848,1772839002768
BSON,1000,500,VideoService,547,686,1269,181821848,1396018496,1772839002768
BSON,1000,500,MetadataService,544,668,1242,181821848,987542992,1772839002768
BSON,1000,500,AudioService,0,560,586,181821848,467270864,1772839002768
BSON,1000,500,VideoService,552,657,1244,181821848,1870660608,1772839002768
BSON,1000,500,MetadataService,535,655,1220,181821848,971586672,1772839002768
BSON,1000,500,AudioService,0,572,597,181821848,486318896,1772839002768
BSON,1000,500,VideoService,552,659,1246,181821848,1887437824,1772839002768
BSON,1000,500,MetadataService,541,658,1229,181821848,964849312,1772839002768
BSON,1000,500,AudioService,0,553,578,181821848,448743208,1772839002768
BSON,1000,500,VideoService,556,659,1251,181821848,1870660608,1772839002768
BSON,1000,500,MetadataService,542,643,1214,181821848,977248440,1772839002768
BSON,1000,500,AudioService,0,584,606,181821848,181821848,1772839002768
BSON,1000,500,VideoService,547,614,1196,181821848,1057036344,1772839002768
BSON,1000,500,MetadataService,556,621,1207,181821848,1023394776,1772839002768
BSON,1000,500,AudioService,0,556,590,181821848,260965584,1772839002768
BSON,1000,500,VideoService,539,653,1227,181821848,977137840,1772839002768
BSON,1000,500,MetadataService,576,578,1183,181821848,1451230208,1772839002768
BSON,1000,500,AudioService,0,562,591,181821848,181821848,1772839002768
BSON,1000,500,VideoService,556,632,1223,181821848,977272776,1772839002768
BSON,1000,500,MetadataService,579,581,1188,181821848,1463813120,1772839002768
BSON,1000,500,AudioService,0,587,611,181821848,181821848,1772839002768
BSON,1000,500,VideoService,538,632,1205,181821848,989855584,1772839002768
BSON,1000,500,MetadataService,577,575,1181,181821848,1463813120,1772839002768
BSON,1000,500,AudioService,0,553,580,181821848,181821848,1772839002768
BSON,1000,500,VideoService,537,634,1206,181821848,988294000,1772839002768
BSON,1000,500,MetadataService,570,579,1177,181821848,1455424512,1772839002768
BSON,1000,500,AudioService,0,592,616,181821848,181821848,1772839002768
BSON,1000,500,VideoService,533,651,1220,181821848,979929280,1772839002768
BSON,1000,500,MetadataService,587,590,1206,181821848,1463813120,1772839002768
BSON,1000,1000,AudioService,0,1300,1357,363822848,58826968,1772839076010
BSON,1000,1000,VideoService,1058,1349,2478,363822848,2070997472,1772839076010
BSON,1000,1000,MetadataService,1059,1177,2296,363822848,1883242496,1772839076010
BSON,1000,1000,AudioService,0,1074,1140,363822848,1786117040,1772839076010
BSON,1000,1000,VideoService,1060,1361,2492,363822848,2080505816,1772839076010
BSON,1000,1000,MetadataService,1177,1183,2418,363822848,3055420144,1772839076010
BSON,1000,1000,AudioService,0,1167,1215,363822848,363822848,1772839076010
BSON,1000,1000,VideoService,1059,1273,2403,363822848,1895694320,1772839076011
BSON,1000,1000,MetadataService,1151,1173,2380,363822848,2925396720,1772839076011
BSON,1000,1000,AudioService,0,1061,1128,363822848,1784412384,1772839076011
BSON,1000,1000,VideoService,1107,1213,2390,363822848,1925184720,1772839076011
BSON,1000,1000,MetadataService,1199,1155,2414,363822848,3260941040,1772839076011
BSON,1000,1000,AudioService,0,1126,1185,363822848,363822848,1772839076011
BSON,1000,1000,VideoService,1064,1278,2413,363822848,1891499936,1772839076011
BSON,1000,1000,MetadataService,1164,1153,2378,363822848,2979922672,1772839076011
BSON,1000,1000,AudioService,0,1166,1214,363822848,363822848,1772839076011
BSON,1000,1000,VideoService,1069,1287,2426,363822848,1895825352,1772839076011
BSON,1000,1000,MetadataService,1146,1165,2367,363822848,2946368240,1772839076011
BSON,1000,1000,AudioService,0,1058,1127,363822848,1784412384,1772839076011
BSON,1000,1000,VideoService,1088,1229,2387,363822848,1937768392,1772839076011
BSON,1000,1000,MetadataService,1200,1150,2409,363822848,3248358128,1772839076011
BSON,1000,1000,AudioService,0,1136,1193,363822848,363822848,1772839076011
BSON,1000,1000,VideoService,1071,1271,2412,363822848,1895825352,1772839076011
BSON,1000,1000,MetadataService,1151,1188,2396,363822848,2967339760,1772839076011
BSON,1000,1000,AudioService,0,1058,1126,363822848,1784412384,1772839076011
BSON,1000,1000,VideoService,1105,1221,2396,363822848,1904213960,1772839076011
BSON,1000,1000,MetadataService,1157,1184,2403,363822848,2896036592,1772839076011
BSON,1000,1000,AudioService,0,1062,1129,363822848,1784412384,1772839076011
BSON,1000,1000,VideoService,1067,1206,2342,363822848,2052981488,1772839076011
BSON,1000,1000,MetadataService,1094,1230,2383,363822848,2061370096,1772839076011
BSON,1000,2000,AudioService,0,3065,3163,729822848,1312817152,1772839227675
BSON,1000,2000,VideoService,2427,2353,4933,729822848,4354867856,1772839227675
BSON,1000,2000,MetadataService,2130,2755,5004,729822848,3669884992,1772839227675
BSON,1000,2000,AudioService,0,2235,2340,729822848,1690303488,1772839227675
BSON,1000,2000,VideoService,2595,2845,5690,729822848,4055891856,1772839227675
BSON,1000,2000,MetadataService,2375,2300,4791,729822848,4065723056,1772839227675
BSON,1000,2000,AudioService,0,2572,2683,729822848,729822848,1772839227675
BSON,1000,2000,VideoService,2122,2621,4883,729822848,3686784744,1772839227676
BSON,1000,2000,MetadataService,2244,2330,4685,729822848,4417782416,1772839227676
BSON,1000,2000,AudioService,0,2749,2868,729822848,729822848,1772839227676
BSON,1000,2000,VideoService,2185,2344,4664,729822848,4178707088,1772839227676
BSON,1000,2000,MetadataService,2236,2367,4716,729822848,4132569744,1772839227676
BSON,1000,2000,AudioService,0,2265,2371,729822848,1332865928,1772839227676
BSON,1000,2000,VideoService,2244,2588,4972,729822848,3745510744,1772839227676
BSON,1000,2000,MetadataService,2200,2367,4682,729822848,4053140144,1772839227676
BSON,1000,2000,AudioService,0,2329,2432,729822848,1512436360,1772839227676
BSON,1000,2000,VideoService,2212,2798,5150,729822848,3619681624,1772839227676
BSON,1000,2000,MetadataService,2700,2349,5165,729822848,5617353360,1772839227676
BSON,1000,2000,AudioService,0,2481,2587,729822848,783415696,1772839227676
BSON,1000,2000,VideoService,2155,2572,4866,729822848,4300341904,1772839227676
BSON,1000,2000,MetadataService,2160,2473,4747,729822848,4040426656,1772839227676
BSON,1000,2000,AudioService,0,2535,2649,729822848,729822848,1772839227676
BSON,1000,2000,VideoService,2197,2345,4683,729822848,4061528752,1772839227676
BSON,1000,2000,MetadataService,2185,2531,4831,729822848,4111598224,1772839227676
BSON,1000,2000,AudioService,0,2482,2600,729822848,729822848,1772839227676
BSON,1000,2000,VideoService,2429,2117,4679,729822848,4040557232,1772839227676
BSON,1000,2000,MetadataService,2224,2476,4814,729822848,4040426656,1772839227676
BSON,1000,2000,AudioService,0,2505,2618,729822848,729822848,1772839227676
BSON,1000,2000,VideoService,2216,2343,4698,729822848,4048945840,1772839227676
BSON,1000,2000,MetadataService,2177,2352,4638,729822848,4044620960,1772839227676
BSON,1000,3000,AudioService,0,4310,4462,1095822848,664402640,1772839597113
BSON,1000,3000,VideoService,4525,5317,10043,1095822848,6759278360,1772839597113
BSON,1000,3000,MetadataService,6159,5463,12082,1095822848,6235358528,1772839597113
BSON,1000,3000,AudioService,0,6182,6564,1095822848,1095822848,1772839597113
BSON,1000,3000,VideoService,5548,5866,12001,1095822848,6193152904,1772839597113
BSON,1000,3000,MetadataService,5162,6478,12214,1095822848,6163684320,1772839597113
BSON,1000,3000,AudioService,0,6808,7421,1095822848,1095822848,1772839597113
BSON,1000,3000,VideoService,5428,6470,12406,1095822848,6193175536,1772839597114
BSON,1000,3000,MetadataService,5197,6182,11851,1095822848,6486663512,1772839597114
BSON,1000,3000,AudioService,0,7010,7367,1095822848,1095822848,1772839597114
BSON,1000,3000,VideoService,5502,5930,12045,1095822848,6348486912,1772839597114
BSON,1000,3000,MetadataService,4890,5926,11062,1095822848,6141452432,1772839597114
BSON,1000,3000,AudioService,0,5377,5643,1095822848,1095822848,1772839597115
BSON,1000,3000,VideoService,5162,5601,11209,1095822848,6138770472,1772839597115
BSON,1000,3000,MetadataService,6058,6295,12843,1095822848,6323307824,1772839597115
BSON,1000,3000,AudioService,0,6330,6568,1095822848,657063248,1772839597115
BSON,1000,3000,VideoService,5224,5786,11368,1095822848,6402999544,1772839597115
BSON,1000,3000,MetadataService,5643,6453,12483,1095822848,6171418664,1772839597115
BSON,1000,3000,AudioService,0,6501,7120,1095822848,1095822848,1772839597115
BSON,1000,3000,VideoService,5034,5817,11477,1095822848,6172228752,1772839597115
BSON,1000,3000,MetadataService,4786,5849,11265,1095822848,6700917344,1772839597115
BSON,1000,3000,AudioService,0,5496,6413,1095822848,1095822848,1772839597115
BSON,1000,3000,VideoService,5795,7327,14297,1095822848,6193542960,1772839597115
BSON,1000,3000,MetadataService,6331,5248,12069,1095822848,6189221184,1772839597115
BSON,1000,3000,AudioService,0,5050,5223,1095822848,1726479680,1772839597115
BSON,1000,3000,VideoService,5992,4714,10910,1095822848,6331827520,1772839597115
BSON,1000,3000,MetadataService,5791,4676,10637,1095822848,6113855312,1772839597115
BSON,1000,3000,AudioService,0,6169,6342,1095822848,1095822848,1772839597115
BSON,1000,3000,VideoService,6372,4711,11286,1095822848,6193546576,1772839597115
BSON,1000,3000,MetadataService,6399,5046,11670,1095822848,6210323792,1772839597115
BSON,2000,100,AudioService,0,231,244,72445848,72445848,1772839612290
BSON,2000,100,VideoService,274,334,624,72445848,761660720,1772839612290
BSON,2000,100,MetadataService,234,261,508,72445848,404064904,1772839612290
BSON,2000,100,AudioService,0,220,233,72445848,14197648,1772839612290
BSON,2000,100,VideoService,246,213,474,72445848,712732720,1772839612290
BSON,2000,100,MetadataService,231,251,494,72445848,429598048,1772839612290
BSON,2000,100,AudioService,0,255,268,72445848,72445848,1772839612290
BSON,2000,100,VideoService,249,221,485,72445848,687896368,1772839612290
BSON,2000,100,MetadataService,245,230,489,72445848,526618048,1772839612290
BSON,2000,100,AudioService,0,268,278,72445848,72445848,1772839612290
BSON,2000,100,VideoService,239,221,477,72445848,540200928,1772839612290
BSON,2000,100,MetadataService,254,227,495,72445848,722861248,1772839612290
BSON,2000,100,AudioService,0,211,224,72445848,72445848,1772839612290
BSON,2000,100,VideoService,231,213,458,72445848,514672576,1772839612290
BSON,2000,100,MetadataService,239,218,471,72445848,535168304,1772839612290
BSON,2000,100,AudioService,0,261,271,72445848,72445848,1772839612290
BSON,2000,100,VideoService,223,238,475,72445848,728106288,1772839612290
BSON,2000,100,MetadataService,237,225,475,72445848,532258640,1772839612290
BSON,2000,100,AudioService,0,261,271,72445848,72445848,1772839612290
BSON,2000,100,VideoService,236,218,467,72445848,520952432,1772839612290
BSON,2000,100,MetadataService,241,224,479,72445848,520952648,1772839612290
BSON,2000,100,AudioService,0,225,242,72445848,360316368,1772839612290
BSON,2000,100,VideoService,228,210,453,72445848,449699608,1772839612290
BSON,2000,100,MetadataService,233,221,468,72445848,467327624,1772839612290
BSON,2000,100,AudioService,0,271,281,72445848,72445848,1772839612290
BSON,2000,100,VideoService,246,221,481,72445848,702940464,1772839612290
BSON,2000,100,MetadataService,240,224,478,72445848,521173336,1772839612290
BSON,2000,100,AudioService,0,262,272,72445848,72445848,1772839612290
BSON,2000,100,VideoService,235,218,467,72445848,526125760,1772839612290
BSON,2000,100,MetadataService,239,225,477,72445848,531908736,1772839612290
BSON,2000,200,AudioService,0,527,547,145245848,145245848,1772839641624
BSON,2000,200,VideoService,474,499,1002,145245848,839914040,1772839641624
BSON,2000,200,MetadataService,461,476,962,145245848,1010375792,1772839641624
BSON,2000,200,AudioService,0,538,569,145245848,213909504,1772839641624
BSON,2000,200,VideoService,438,535,1002,145245848,767460008,1772839641624
BSON,2000,200,MetadataService,423,458,904,145245848,553450080,1772839641624
BSON,2000,200,AudioService,0,448,466,145245848,145245848,1772839641624
BSON,2000,200,VideoService,423,515,967,145245848,786460120,1772839641624
BSON,2000,200,MetadataService,419,459,901,145245848,551858048,1772839641624
BSON,2000,200,AudioService,0,441,459,145245848,145245848,1772839641624
BSON,2000,200,VideoService,430,496,955,145245848,799110760,1772839641624
BSON,2000,200,MetadataService,419,464,906,145245848,561153632,1772839641624
BSON,2000,200,AudioService,0,450,469,145245848,145245848,1772839641624
BSON,2000,200,VideoService,438,509,976,145245848,788516872,1772839641624
BSON,2000,200,MetadataService,419,473,916,145245848,568614336,1772839641624
BSON,2000,200,AudioService,0,439,457,145245848,145245848,1772839641624
BSON,2000,200,VideoService,425,509,962,145245848,805306312,1772839641624
BSON,2000,200,MetadataService,425,460,909,145245848,562887000,1772839641624
BSON,2000,200,AudioService,0,447,466,145245848,145245848,1772839641624
BSON,2000,200,VideoService,428,505,961,145245848,794775984,1772839641624
BSON,2000,200,MetadataService,426,462,911,145245848,566126944,1772839641624
BSON,2000,200,AudioService,0,451,470,145245848,145245848,1772839641624
BSON,2000,200,VideoService,434,494,956,145245848,794951240,1772839641624
BSON,2000,200,MetadataService,431,459,913,145245848,564594144,1772839641624
BSON,2000,200,AudioService,0,448,466,145245848,145245848,1772839641624
BSON,2000,200,VideoService,436,496,960,145245848,796786464,1772839641624
BSON,2000,200,MetadataService,415,461,898,145245848,566133696,1772839641624
BSON,2000,200,AudioService,0,452,472,145245848,145245848,1772839641624
BSON,2000,200,VideoService,428,502,959,145245848,798984792,1772839641624
BSON,2000,200,MetadataService,418,458,899,145245848,569560800,1772839641624
BSON,2000,500,AudioService,0,1341,1389,363645848,503769472,1772839714585
BSON,2000,500,VideoService,1072,1386,2543,363645848,2730624016,1772839714585
BSON,2000,500,MetadataService,1077,1373,2514,363645848,1874853240,1772839714585
BSON,2000,500,AudioService,0,1112,1161,363645848,951712720,1772839714585
BSON,2000,500,VideoService,1112,1276,2458,363645848,1887305064,1772839714585
BSON,2000,500,MetadataService,1086,1138,2281,363645848,2139227152,1772839714585
BSON,2000,500,AudioService,0,1089,1142,363645848,627458752,1772839714585
BSON,2000,500,VideoService,1092,1210,2372,363645848,2038824760,1772839714585
BSON,2000,500,MetadataService,1096,1226,2380,363645848,1954545608,1772839714585
BSON,2000,500,AudioService,0,1245,1293,363645848,363645848,1772839714585
BSON,2000,500,VideoService,1054,1161,2284,363645848,2034500128,1772839714585
BSON,2000,500,MetadataService,1103,1127,2287,363645848,2277639184,1772839714585
BSON,2000,500,AudioService,0,1316,1375,363645848,363645848,1772839714585
BSON,2000,500,VideoService,1049,1151,2270,363645848,1358954496,1772839714585
BSON,2000,500,MetadataService,1082,1126,2264,363645848,2214724624,1772839714585
BSON,2000,500,AudioService,0,1335,1394,363645848,363645848,1772839714585
BSON,2000,500,VideoService,1043,1154,2267,363645848,1358954496,1772839714585
BSON,2000,500,MetadataService,1113,1122,2292,363645848,2193753104,1772839714585
BSON,2000,500,AudioService,0,1328,1386,363645848,363645848,1772839714585
BSON,2000,500,VideoService,1051,1152,2273,363645848,1354760192,1772839714585
BSON,2000,500,MetadataService,1086,1135,2278,363645848,2239890448,1772839714585
BSON,2000,500,AudioService,0,1324,1383,363645848,363645848,1772839714585
BSON,2000,500,VideoService,1042,1159,2270,363645848,1363148800,1772839714585
BSON,2000,500,MetadataService,1099,1141,2297,363645848,2210530320,1772839714585
BSON,2000,500,AudioService,0,1328,1386,363645848,363645848,1772839714585
BSON,2000,500,VideoService,1039,1159,2267,363645848,1367343104,1772839714585
BSON,2000,500,MetadataService,1089,1140,2285,363645848,2193753104,1772839714585
BSON,2000,500,AudioService,0,1090,1145,363645848,595327080,1772839714585
BSON,2000,500,VideoService,1072,1209,2351,363645848,2047083040,1772839714585
BSON,2000,500,MetadataService,1069,1229,2356,363645848,1971322824,1772839714585
BSON,2000,1000,AudioService,0,2645,2745,727647848,467339760,1772839863259
BSON,2000,1000,VideoService,2174,2651,4963,727647848,4059680656,1772839863259
BSON,2000,1000,MetadataService,2209,2266,4588,727647848,4478993344,1772839863259
BSON,2000,1000,AudioService,0,2656,2773,727647848,727647848,1772839863259
BSON,2000,1000,VideoService,2189,2284,4607,727647848,4122477504,1772839863259
BSON,2000,1000,MetadataService,2175,2296,4583,727647848,4034528208,1772839863259
BSON,2000,1000,AudioService,0,2676,2786,727647848,727647848,1772839863259
BSON,2000,1000,VideoService,2093,2741,4969,727647848,4088923528,1772839863259
BSON,2000,1000,MetadataService,2219,2258,4591,727647848,4231529408,1772839863259
BSON,2000,1000,AudioService,0,2544,2649,727647848,727647848,1772839863259
BSON,2000,1000,VideoService,2108,2552,4800,727647848,3690856376,1772839863259
BSON,2000,1000,MetadataService,2177,2251,4540,727647848,4336387008,1772839863259
BSON,2000,1000,AudioService,0,2748,2865,727647848,727647848,1772839863259
BSON,2000,1000,VideoService,2188,2272,4595,727647848,4101505984,1772839863259
BSON,2000,1000,MetadataService,2203,2278,4591,727647848,4046980032,1772839863259
BSON,2000,1000,AudioService,0,2600,2706,727647848,727647848,1772839863259
BSON,2000,1000,VideoService,2066,2687,4899,727647848,3602776048,1772839863259
BSON,2000,1000,MetadataService,2215,2259,4587,727647848,4646765504,1772839863259
BSON,2000,1000,AudioService,0,2624,2742,727647848,727647848,1772839863259
BSON,2000,1000,VideoService,2140,2542,4822,727647848,3749559152,1772839863259
BSON,2000,1000,MetadataService,2196,2273,4580,727647848,4307026880,1772839863259
BSON,2000,1000,AudioService,0,2657,2773,727647848,727647848,1772839863259
BSON,2000,1000,VideoService,2188,2289,4612,727647848,4126671808,1772839863259
BSON,2000,1000,MetadataService,2201,2265,4578,727647848,4080534464,1772839863259
BSON,2000,1000,AudioService,0,2551,2659,727647848,727647848,1772839863259
BSON,2000,1000,VideoService,2306,2675,5128,727647848,3586112456,1772839863259
BSON,2000,1000,MetadataService,2238,2351,4702,727647848,4571268032,1772839863259
BSON,2000,1000,AudioService,0,2640,2757,727647848,727647848,1772839863259
BSON,2000,1000,VideoService,2198,2286,4619,727647848,4105700288,1772839863259
BSON,2000,1000,MetadataService,2193,2334,4641,727647848,4021945296,1772839863259
